===== playbook cycle 2026-06-15T06:30:02Z =====
SPX: classified 296/296 days → /home/ubuntu/SPXer/scripts/autoresearch/playbook/regimes-spx.json
Regime distribution:
  trend           56  (18.9%)
  gap_chop        44  (14.9%)
  gap_fade        43  (14.5%)
  gap_go          42  (14.2%)
  chop            34  (11.5%)
  mixed           33  (11.1%)
  quiet_range     28  (9.5%)
  trend_vol       16  (5.4%)
NDX: classified 298/298 days → /home/ubuntu/SPXer/scripts/autoresearch/playbook/regimes-ndx.json
Regime distribution:
  gap_chop        70  (23.5%)
  gap_fade        59  (19.8%)
  gap_go          49  (16.4%)
  mixed           37  (12.4%)
  trend           33  (11.1%)
  chop            21  (7.0%)
  quiet_range     19  (6.4%)
  trend_vol       10  (3.4%)

[SPX] regime coverage — PER-TRADE expectancy (OOS, est_test_trades>=10):
  gap_go        DEMA 2+3+5 3x21|IB w10|TP35 only  train $58.8/t  test $23.9/t  (157 tr, 12.1/day, day-wr 54)
  gap_fade      FLATFLY 10:00|IB w50|hold-to-settle  train $1130.5/t  test $790.9/t  (12 tr, 1/day, day-wr 58)
  gap_chop      TIME 30m|IB w100|hold-to-settle  train $289.1/t  test $1011.9/t  (121 tr, 11/day, day-wr 91)
  trend         DEMA 2+3 3x21|IB w50|hold-to-settle  train $289.7/t  test $91.4/t  (279 tr, 16.4/day, day-wr 65)
  trend_vol     DEMA 5m 3x21|15ITM w10|hold-to-settle  train $60.2/t  test $179.9/t  (55 tr, 11/day, day-wr 80)
  chop          HMA  3m 3x9|IC 20w50|hold-to-settle  train $413.8/t  test $218.8/t  (431 tr, 39.2/day, day-wr 64)
  quiet_range   TIME 30m|IB w100|hold-to-settle  train $451.9/t  test $768.1/t  (55 tr, 11/day, day-wr 100)
  mixed         DEMA 2+3+5 3x12|IB±25 w25|hold-to-settle  train $18.4/t  test $136.8/t  (173 tr, 17.3/day, day-wr 70)

[NDX] regime coverage — PER-TRADE expectancy (OOS, est_test_trades>=10):
  gap_go        SMC 1m 8/3|smcP0.30 w4c|TP75 only  train $382.1/t  test $668.3/t  (11 tr, 1/day, day-wr 100)
  gap_fade      HMA  2+3+5 3x9|IB w100|TP50 only  train $1474.3/t  test $1588/t  (540 tr, 30/day, day-wr 94)
  gap_chop      HMA  5m 3x9|IB w100|TP50 only  train $1170.2/t  test $1558.6/t  (625 tr, 29.7/day, day-wr 90)
  trend         DEMA 2+3 3x21|IB±40 w50|TP35 only  train $710.6/t  test $905.9/t  (81 tr, 9/day, day-wr 100)
  trend_vol     HMA  2+3+5 3x21|IB±50 w50|TP75 only  train $873.2/t  test $1458.8/t  (34 tr, 11.2/day, day-wr 100)
  chop          DEMA 2+3+5 3x21|IB w80|TP35 only  train $1323.6/t  test $1329.9/t  (76 tr, 10.9/day, day-wr 100)
  quiet_range   DEMA 2+3 3x21|IB w100|TP75 only  train $1524.4/t  test $1948.4/t  (91 tr, 15.1/day, day-wr 83)
  mixed         DEMA 2+3+5 3x21|IB w100|TP75 only  train $1911.8/t  test $1684.5/t  (135 tr, 11.2/day, day-wr 83)

playbook.json updated (v4). SPX: 8/8 regimes covered; uncovered=[] | NDX: 8/8 regimes covered; uncovered=[]
===== done 2026-06-15T06:36:21Z =====
===== playbook cycle 2026-06-16T06:30:01Z =====
SPX: classified 297/297 days → /home/ubuntu/SPXer/scripts/autoresearch/playbook/regimes-spx.json
Regime distribution:
  trend           56  (18.9%)
  gap_chop        44  (14.8%)
  gap_fade        43  (14.5%)
  gap_go          43  (14.5%)
  chop            34  (11.4%)
  mixed           33  (11.1%)
  quiet_range     28  (9.4%)
  trend_vol       16  (5.4%)
NDX: classified 299/299 days → /home/ubuntu/SPXer/scripts/autoresearch/playbook/regimes-ndx.json
Regime distribution:
  gap_chop        70  (23.4%)
  gap_fade        59  (19.7%)
  gap_go          50  (16.7%)
  mixed           37  (12.4%)
  trend           33  (11.0%)
  chop            21  (7.0%)
  quiet_range     19  (6.4%)
  trend_vol       10  (3.3%)

[SPX] regime coverage — PER-TRADE expectancy (OOS, est_test_trades>=10):
  gap_go        DEMA 2+3+5 3x21|IB w10|TP35 only  train $58.6/t  test $21.2/t  (156 tr, 12/day, day-wr 54)
  gap_fade      FLATFLY 10:00|IB w50|hold-to-settle  train $1130.5/t  test $790.9/t  (12 tr, 1/day, day-wr 58)
  gap_chop      TIME 30m|IB w100|hold-to-settle  train $289.1/t  test $1011.9/t  (121 tr, 11/day, day-wr 91)
  trend         DEMA 2+3 3x21|IB w50|hold-to-settle  train $290.1/t  test $91.5/t  (279 tr, 16.4/day, day-wr 65)
  trend_vol     DEMA 5m 3x21|15ITM w10|hold-to-settle  train $60.4/t  test $180.3/t  (55 tr, 11/day, day-wr 80)
  chop          HMA  3m 3x9|IC 20w50|hold-to-settle  train $414/t  test $218.8/t  (431 tr, 39.1/day, day-wr 64)
  quiet_range   TIME 30m|IB w100|hold-to-settle  train $451.9/t  test $768.1/t  (55 tr, 11/day, day-wr 100)
  mixed         DEMA 2+3+5 3x12|IB±25 w25|hold-to-settle  train $18.4/t  test $136.9/t  (173 tr, 17.3/day, day-wr 70)

[NDX] regime coverage — PER-TRADE expectancy (OOS, est_test_trades>=10):
  gap_go        HMA  2m 3x9|IB w80|TP35 only  train $1107.3/t  test $663.3/t  (651 tr, 43.4/day, day-wr 80)
  gap_fade      HMA  2+3+5 3x9|IB w100|TP50 only  train $1473.6/t  test $1587.3/t  (540 tr, 30/day, day-wr 94)
  gap_chop      HMA  5m 3x9|IB w100|TP50 only  train $1170.1/t  test $1558.4/t  (625 tr, 29.8/day, day-wr 90)
  trend         DEMA 2+3 3x21|IB±40 w50|TP35 only  train $711.7/t  test $907.3/t  (80 tr, 8.9/day, day-wr 100)
  trend_vol     HMA  2+3+5 3x21|IB±50 w50|TP75 only  train $873/t  test $1458.4/t  (34 tr, 11.2/day, day-wr 100)
  chop          DEMA 2+3+5 3x21|IB w80|TP35 only  train $1326.1/t  test $1332.3/t  (76 tr, 10.9/day, day-wr 100)
  quiet_range   DEMA 2+3 3x21|IB w100|TP75 only  train $1526.1/t  test $1950.7/t  (91 tr, 15.1/day, day-wr 83)
  mixed         DEMA 2+3+5 3x21|IB w100|TP75 only  train $1915.4/t  test $1687.6/t  (135 tr, 11.2/day, day-wr 83)

playbook.json updated (v5). SPX: 8/8 regimes covered; uncovered=[] | NDX: 8/8 regimes covered; uncovered=[]
===== done 2026-06-16T06:36:03Z =====
===== playbook cycle 2026-06-17T06:30:01Z =====
SPX: classified 298/298 days → /home/ubuntu/SPXer/scripts/autoresearch/playbook/regimes-spx.json
Regime distribution:
  trend           57  (19.1%)
  gap_chop        44  (14.8%)
  gap_fade        43  (14.4%)
  gap_go          43  (14.4%)
  chop            34  (11.4%)
  mixed           33  (11.1%)
  quiet_range     28  (9.4%)
  trend_vol       16  (5.4%)
NDX: classified 300/300 days → /home/ubuntu/SPXer/scripts/autoresearch/playbook/regimes-ndx.json
Regime distribution:
  gap_chop        70  (23.3%)
  gap_fade        59  (19.7%)
  gap_go          50  (16.7%)
  mixed           37  (12.3%)
  trend           34  (11.3%)
  chop            21  (7.0%)
  quiet_range     19  (6.3%)
  trend_vol       10  (3.3%)

[SPX] regime coverage — PER-TRADE expectancy (OOS, est_test_trades>=10):
  gap_go        DEMA 2+3+5 3x21|IB w10|TP35 only  train $58.5/t  test $21.1/t  (157 tr, 12.1/day, day-wr 54)
  gap_fade      FLATFLY 10:00|IB w50|hold-to-settle  train $1130.5/t  test $790.9/t  (12 tr, 1/day, day-wr 58)
  gap_chop      TIME 30m|IB w100|hold-to-settle  train $289.1/t  test $1011.9/t  (121 tr, 11/day, day-wr 91)
  trend         SMC 1m 8/3|smcP0.15 w4c|hold-to-settle  train $91.6/t  test $88.2/t  (11 tr, 1/day, day-wr 91)
  trend_vol     DEMA 5m 3x21|15ITM w10|hold-to-settle  train $60.3/t  test $180/t  (55 tr, 11/day, day-wr 80)
  chop          HMA  3m 3x9|IC 20w50|hold-to-settle  train $413.9/t  test $218.8/t  (431 tr, 39.1/day, day-wr 64)
  quiet_range   TIME 30m|IB w100|hold-to-settle  train $451.9/t  test $768.1/t  (55 tr, 11/day, day-wr 100)
  mixed         DEMA 2+3+5 3x12|IB±25 w25|hold-to-settle  train $18.4/t  test $136.7/t  (173 tr, 17.3/day, day-wr 70)

[NDX] regime coverage — PER-TRADE expectancy (OOS, est_test_trades>=10):
  gap_go        HMA  2m 3x9|IB w80|TP35 only  train $1107.3/t  test $663.3/t  (651 tr, 43.4/day, day-wr 80)
  gap_fade      HMA  2+3+5 3x9|IB w100|TP50 only  train $1473.6/t  test $1587.3/t  (540 tr, 30/day, day-wr 94)
  gap_chop      HMA  5m 3x9|IB w100|TP50 only  train $1170.1/t  test $1558.4/t  (625 tr, 29.8/day, day-wr 90)
  trend         DEMA 2+3 3x21|IB±40 w50|TP35 only  train $711.7/t  test $907.3/t  (80 tr, 8.9/day, day-wr 100)
  trend_vol     HMA  2+3+5 3x21|IB±50 w50|TP75 only  train $873/t  test $1458.4/t  (34 tr, 11.2/day, day-wr 100)
  chop          DEMA 2+3+5 3x21|IB w80|TP35 only  train $1326.1/t  test $1332.3/t  (76 tr, 10.9/day, day-wr 100)
  quiet_range   DEMA 2+3 3x21|IB w100|TP75 only  train $1526.1/t  test $1950.7/t  (91 tr, 15.1/day, day-wr 83)
  mixed         DEMA 2+3+5 3x21|IB w100|TP75 only  train $1915.4/t  test $1687.6/t  (135 tr, 11.2/day, day-wr 83)

playbook.json updated (v6). SPX: 8/8 regimes covered; uncovered=[] | NDX: 8/8 regimes covered; uncovered=[]
===== done 2026-06-17T06:36:12Z =====
===== playbook cycle 2026-06-18T06:30:01Z =====
SPX: classified 299/299 days → /home/ubuntu/SPXer/scripts/autoresearch/playbook/regimes-spx.json
Regime distribution:
  trend           57  (19.1%)
  gap_chop        44  (14.7%)
  gap_fade        43  (14.4%)
  gap_go          43  (14.4%)
  chop            34  (11.4%)
  mixed           33  (11.0%)
  quiet_range     28  (9.4%)
  trend_vol       17  (5.7%)
NDX: classified 301/301 days → /home/ubuntu/SPXer/scripts/autoresearch/playbook/regimes-ndx.json
Regime distribution:
  gap_chop        70  (23.3%)
  gap_fade        60  (19.9%)
  gap_go          50  (16.6%)
  mixed           37  (12.3%)
  trend           34  (11.3%)
  chop            21  (7.0%)
  quiet_range     19  (6.3%)
  trend_vol       10  (3.3%)

[SPX] regime coverage — PER-TRADE expectancy (OOS, est_test_trades>=10):
  gap_go        DEMA 2+3+5 3x21|IB w10|TP35 only  train $58.5/t  test $21.1/t  (157 tr, 12.1/day, day-wr 54)
  gap_fade      FLATFLY 10:00|IB w50|hold-to-settle  train $1130.5/t  test $790.9/t  (12 tr, 1/day, day-wr 58)
  gap_chop      TIME 30m|IB w100|hold-to-settle  train $289.1/t  test $1011.9/t  (121 tr, 11/day, day-wr 91)
  trend         SMC 1m 8/3|smcP0.15 w4c|hold-to-settle  train $91.6/t  test $88.2/t  (11 tr, 1/day, day-wr 91)
  trend_vol     DEMA 5m 3x21|15ITM w10|hold-to-settle  train $60.3/t  test $180/t  (55 tr, 11/day, day-wr 80)
  chop          HMA  3m 3x9|IC 20w50|hold-to-settle  train $413.9/t  test $218.8/t  (431 tr, 39.1/day, day-wr 64)
  quiet_range   TIME 30m|IB w100|hold-to-settle  train $451.9/t  test $768.1/t  (55 tr, 11/day, day-wr 100)
  mixed         DEMA 2+3+5 3x12|IB±25 w25|hold-to-settle  train $18.4/t  test $136.7/t  (173 tr, 17.3/day, day-wr 70)

[NDX] regime coverage — PER-TRADE expectancy (OOS, est_test_trades>=10):
  gap_go        HMA  2m 3x9|IB w80|TP35 only  train $1107.3/t  test $663.3/t  (651 tr, 43.4/day, day-wr 80)
  gap_fade      HMA  2+3+5 3x9|IB w100|TP50 only  train $1473.6/t  test $1587.3/t  (540 tr, 30/day, day-wr 94)
  gap_chop      HMA  5m 3x9|IB w100|TP50 only  train $1170.1/t  test $1558.4/t  (625 tr, 29.8/day, day-wr 90)
  trend         DEMA 2+3 3x21|IB±40 w50|TP35 only  train $711.7/t  test $907.3/t  (80 tr, 8.9/day, day-wr 100)
  trend_vol     HMA  2+3+5 3x21|IB±50 w50|TP75 only  train $873/t  test $1458.4/t  (34 tr, 11.2/day, day-wr 100)
  chop          DEMA 2+3+5 3x21|IB w80|TP35 only  train $1326.1/t  test $1332.3/t  (76 tr, 10.9/day, day-wr 100)
  quiet_range   DEMA 2+3 3x21|IB w100|TP75 only  train $1526.1/t  test $1950.7/t  (91 tr, 15.1/day, day-wr 83)
  mixed         DEMA 2+3+5 3x21|IB w100|TP75 only  train $1915.4/t  test $1687.6/t  (135 tr, 11.2/day, day-wr 83)

playbook.json updated (v7). SPX: 8/8 regimes covered; uncovered=[] | NDX: 8/8 regimes covered; uncovered=[]
===== done 2026-06-18T06:36:09Z =====
===== playbook cycle 2026-06-19T06:30:01Z =====
SPX: classified 300/300 days → /home/ubuntu/SPXer/scripts/autoresearch/playbook/regimes-spx.json
Regime distribution:
  trend           57  (19.0%)
  gap_chop        45  (15.0%)
  gap_fade        43  (14.3%)
  gap_go          43  (14.3%)
  chop            34  (11.3%)
  mixed           33  (11.0%)
  quiet_range     28  (9.3%)
  trend_vol       17  (5.7%)
npm notice
npm notice New major version of npm available! 10.9.4 -> 11.17.0
npm notice Changelog: https://github.com/npm/cli/releases/tag/v11.17.0
npm notice To update run: npm install -g npm@11.17.0
npm notice
NDX: classified 302/302 days → /home/ubuntu/SPXer/scripts/autoresearch/playbook/regimes-ndx.json
Regime distribution:
  gap_chop        71  (23.5%)
  gap_fade        60  (19.9%)
  gap_go          50  (16.6%)
  mixed           37  (12.3%)
  trend           34  (11.3%)
  chop            21  (7.0%)
  quiet_range     19  (6.3%)
  trend_vol       10  (3.3%)

[SPX] regime coverage — PER-TRADE expectancy (OOS, est_test_trades>=10):
  gap_go        DEMA 2+3+5 3x21|IB w10|TP35 only  train $58.5/t  test $21.1/t  (157 tr, 12/day, day-wr 54)
  gap_fade      FLATFLY 10:00|IB w50|hold-to-settle  train $1130.5/t  test $790.9/t  (12 tr, 1/day, day-wr 58)
  gap_chop      TIME 30m|IB w100|hold-to-settle  train $341.3/t  test $922.2/t  (110 tr, 11/day, day-wr 90)
  trend         SMC 1m 8/3|smcP0.15 w4c|hold-to-settle  train $91.6/t  test $88.2/t  (11 tr, 1/day, day-wr 91)
  trend_vol     DEMA 5m 3x21|15ITM w10|hold-to-settle  train $60.3/t  test $170.9/t  (66 tr, 11/day, day-wr 83)
  chop          HMA  3m 3x9|IC 20w50|hold-to-settle  train $414.9/t  test $219.4/t  (430 tr, 39/day, day-wr 64)
  quiet_range   TIME 30m|IB w100|hold-to-settle  train $451.9/t  test $768.1/t  (55 tr, 11/day, day-wr 100)
  mixed         DEMA 2+3+5 3x12|IB±25 w25|hold-to-settle  train $18.4/t  test $136.8/t  (173 tr, 17.3/day, day-wr 70)

[NDX] regime coverage — PER-TRADE expectancy (OOS, est_test_trades>=10):
  gap_go        HMA  2m 3x9|IB w80|TP35 only  train $1109.2/t  test $664.5/t  (650 tr, 43.3/day, day-wr 80)
  gap_fade      HMA  2+3+5 3x9|IB w100|TP50 only  train $1484.3/t  test $1647.6/t  (539 tr, 30/day, day-wr 94)
  gap_chop      HMA  5m 3x9|IB w100|TP50 SL3x  train $1173.6/t  test $1484.2/t  (654 tr, 29.7/day, day-wr 86)
  trend         DEMA 2+3 3x21|IB±40 w50|TP35 only  train $711.1/t  test $942.6/t  (89 tr, 8.9/day, day-wr 100)
  trend_vol     HMA  2+3+5 3x21|IB±50 w50|TP75 only  train $874.7/t  test $1461.3/t  (34 tr, 11.2/day, day-wr 100)
  chop          DEMA 2+3+5 3x21|IB w80|TP35 only  train $1325.1/t  test $1331.3/t  (76 tr, 10.9/day, day-wr 100)
  quiet_range   DEMA 2+3 3x21|IB w100|TP75 only  train $1523.3/t  test $1947/t  (91 tr, 15.2/day, day-wr 83)
  mixed         DEMA 2+3+5 3x21|IB w100|TP75 only  train $1910.1/t  test $1682.9/t  (135 tr, 11.2/day, day-wr 83)

playbook.json updated (v8). SPX: 8/8 regimes covered; uncovered=[] | NDX: 8/8 regimes covered; uncovered=[]
===== done 2026-06-19T06:36:11Z =====
===== playbook cycle 2026-06-20T06:30:01Z =====
SPX: classified 300/300 days → /home/ubuntu/SPXer/scripts/autoresearch/playbook/regimes-spx.json
Regime distribution:
  trend           57  (19.0%)
  gap_chop        45  (15.0%)
  gap_fade        43  (14.3%)
  gap_go          43  (14.3%)
  chop            34  (11.3%)
  mixed           33  (11.0%)
  quiet_range     28  (9.3%)
  trend_vol       17  (5.7%)
NDX: classified 302/302 days → /home/ubuntu/SPXer/scripts/autoresearch/playbook/regimes-ndx.json
Regime distribution:
  gap_chop        71  (23.5%)
  gap_fade        60  (19.9%)
  gap_go          50  (16.6%)
  mixed           37  (12.3%)
  trend           34  (11.3%)
  chop            21  (7.0%)
  quiet_range     19  (6.3%)
  trend_vol       10  (3.3%)

[SPX] regime coverage — PER-TRADE expectancy (OOS, est_test_trades>=10):
  gap_go        DEMA 2+3+5 3x21|IB w10|TP35 only  train $58.5/t  test $21.1/t  (157 tr, 12/day, day-wr 54)
  gap_fade      FLATFLY 10:00|IB w50|hold-to-settle  train $1130.5/t  test $790.9/t  (12 tr, 1/day, day-wr 58)
  gap_chop      TIME 30m|IB w100|hold-to-settle  train $341.3/t  test $922.2/t  (110 tr, 11/day, day-wr 90)
  trend         SMC 1m 8/3|smcP0.15 w4c|hold-to-settle  train $91.6/t  test $88.2/t  (11 tr, 1/day, day-wr 91)
  trend_vol     DEMA 5m 3x21|15ITM w10|hold-to-settle  train $60.3/t  test $170.9/t  (66 tr, 11/day, day-wr 83)
  chop          HMA  3m 3x9|IC 20w50|hold-to-settle  train $414.9/t  test $219.4/t  (430 tr, 39/day, day-wr 64)
  quiet_range   TIME 30m|IB w100|hold-to-settle  train $451.9/t  test $768.1/t  (55 tr, 11/day, day-wr 100)
  mixed         DEMA 2+3+5 3x12|IB±25 w25|hold-to-settle  train $18.4/t  test $136.8/t  (173 tr, 17.3/day, day-wr 70)

[NDX] regime coverage — PER-TRADE expectancy (OOS, est_test_trades>=10):
  gap_go        HMA  2m 3x9|IB w80|TP35 only  train $1109.2/t  test $664.5/t  (650 tr, 43.3/day, day-wr 80)
  gap_fade      HMA  2+3+5 3x9|IB w100|TP50 only  train $1484.3/t  test $1647.6/t  (539 tr, 30/day, day-wr 94)
  gap_chop      HMA  5m 3x9|IB w100|TP50 SL3x  train $1173.6/t  test $1484.2/t  (654 tr, 29.7/day, day-wr 86)
  trend         DEMA 2+3 3x21|IB±40 w50|TP35 only  train $711.1/t  test $942.6/t  (89 tr, 8.9/day, day-wr 100)
  trend_vol     HMA  2+3+5 3x21|IB±50 w50|TP75 only  train $874.7/t  test $1461.3/t  (34 tr, 11.2/day, day-wr 100)
  chop          DEMA 2+3+5 3x21|IB w80|TP35 only  train $1325.1/t  test $1331.3/t  (76 tr, 10.9/day, day-wr 100)
  quiet_range   DEMA 2+3 3x21|IB w100|TP75 only  train $1523.3/t  test $1947/t  (91 tr, 15.2/day, day-wr 83)
  mixed         DEMA 2+3+5 3x21|IB w100|TP75 only  train $1910.1/t  test $1682.9/t  (135 tr, 11.2/day, day-wr 83)

playbook.json updated (v9). SPX: 8/8 regimes covered; uncovered=[] | NDX: 8/8 regimes covered; uncovered=[]
===== done 2026-06-20T06:36:08Z =====
===== playbook cycle 2026-06-21T06:30:01Z =====
SPX: classified 300/300 days → /home/ubuntu/SPXer/scripts/autoresearch/playbook/regimes-spx.json
Regime distribution:
  trend           57  (19.0%)
  gap_chop        45  (15.0%)
  gap_fade        43  (14.3%)
  gap_go          43  (14.3%)
  chop            34  (11.3%)
  mixed           33  (11.0%)
  quiet_range     28  (9.3%)
  trend_vol       17  (5.7%)
NDX: classified 302/302 days → /home/ubuntu/SPXer/scripts/autoresearch/playbook/regimes-ndx.json
Regime distribution:
  gap_chop        71  (23.5%)
  gap_fade        60  (19.9%)
  gap_go          50  (16.6%)
  mixed           37  (12.3%)
  trend           34  (11.3%)
  chop            21  (7.0%)
  quiet_range     19  (6.3%)
  trend_vol       10  (3.3%)

[SPX] regime coverage — PER-TRADE expectancy (OOS, est_test_trades>=10):
  gap_go        DEMA 2+3+5 3x21|IB w10|TP35 only  train $58.5/t  test $21.1/t  (157 tr, 12/day, day-wr 54)
  gap_fade      FLATFLY 10:00|IB w50|hold-to-settle  train $1130.5/t  test $790.9/t  (12 tr, 1/day, day-wr 58)
  gap_chop      TIME 30m|IB w100|hold-to-settle  train $341.3/t  test $922.2/t  (110 tr, 11/day, day-wr 90)
  trend         SMC 1m 8/3|smcP0.15 w4c|hold-to-settle  train $91.6/t  test $88.2/t  (11 tr, 1/day, day-wr 91)
  trend_vol     DEMA 5m 3x21|15ITM w10|hold-to-settle  train $60.3/t  test $170.9/t  (66 tr, 11/day, day-wr 83)
  chop          HMA  3m 3x9|IC 20w50|hold-to-settle  train $414.9/t  test $219.4/t  (430 tr, 39/day, day-wr 64)
  quiet_range   TIME 30m|IB w100|hold-to-settle  train $451.9/t  test $768.1/t  (55 tr, 11/day, day-wr 100)
  mixed         DEMA 2+3+5 3x12|IB±25 w25|hold-to-settle  train $18.4/t  test $136.8/t  (173 tr, 17.3/day, day-wr 70)

[NDX] regime coverage — PER-TRADE expectancy (OOS, est_test_trades>=10):
  gap_go        HMA  2m 3x9|IB w80|TP35 only  train $1109.2/t  test $664.5/t  (650 tr, 43.3/day, day-wr 80)
  gap_fade      HMA  2+3+5 3x9|IB w100|TP50 only  train $1484.3/t  test $1647.6/t  (539 tr, 30/day, day-wr 94)
  gap_chop      HMA  5m 3x9|IB w100|TP50 SL3x  train $1173.6/t  test $1484.2/t  (654 tr, 29.7/day, day-wr 86)
  trend         DEMA 2+3 3x21|IB±40 w50|TP35 only  train $711.1/t  test $942.6/t  (89 tr, 8.9/day, day-wr 100)
  trend_vol     HMA  2+3+5 3x21|IB±50 w50|TP75 only  train $874.7/t  test $1461.3/t  (34 tr, 11.2/day, day-wr 100)
  chop          DEMA 2+3+5 3x21|IB w80|TP35 only  train $1325.1/t  test $1331.3/t  (76 tr, 10.9/day, day-wr 100)
  quiet_range   DEMA 2+3 3x21|IB w100|TP75 only  train $1523.3/t  test $1947/t  (91 tr, 15.2/day, day-wr 83)
  mixed         DEMA 2+3+5 3x21|IB w100|TP75 only  train $1910.1/t  test $1682.9/t  (135 tr, 11.2/day, day-wr 83)

playbook.json updated (v10). SPX: 8/8 regimes covered; uncovered=[] | NDX: 8/8 regimes covered; uncovered=[]
===== done 2026-06-21T06:36:13Z =====
===== playbook cycle 2026-06-22T06:30:01Z =====
SPX: classified 300/300 days → /home/ubuntu/SPXer/scripts/autoresearch/playbook/regimes-spx.json
Regime distribution:
  trend           57  (19.0%)
  gap_chop        45  (15.0%)
  gap_fade        43  (14.3%)
  gap_go          43  (14.3%)
  chop            34  (11.3%)
  mixed           33  (11.0%)
  quiet_range     28  (9.3%)
  trend_vol       17  (5.7%)
NDX: classified 302/302 days → /home/ubuntu/SPXer/scripts/autoresearch/playbook/regimes-ndx.json
Regime distribution:
  gap_chop        71  (23.5%)
  gap_fade        60  (19.9%)
  gap_go          50  (16.6%)
  mixed           37  (12.3%)
  trend           34  (11.3%)
  chop            21  (7.0%)
  quiet_range     19  (6.3%)
  trend_vol       10  (3.3%)

[SPX] regime coverage — PER-TRADE expectancy (OOS, est_test_trades>=10):
  gap_go        DEMA 2+3+5 3x21|IB w10|TP35 only  train $58.5/t  test $21.1/t  (157 tr, 12/day, day-wr 54)
  gap_fade      FLATFLY 10:00|IB w50|hold-to-settle  train $1130.5/t  test $790.9/t  (12 tr, 1/day, day-wr 58)
  gap_chop      TIME 30m|IB w100|hold-to-settle  train $341.3/t  test $922.2/t  (110 tr, 11/day, day-wr 90)
  trend         SMC 1m 8/3|smcP0.15 w4c|hold-to-settle  train $91.6/t  test $88.2/t  (11 tr, 1/day, day-wr 91)
  trend_vol     DEMA 5m 3x21|15ITM w10|hold-to-settle  train $60.3/t  test $170.9/t  (66 tr, 11/day, day-wr 83)
  chop          HMA  3m 3x9|IC 20w50|hold-to-settle  train $414.9/t  test $219.4/t  (430 tr, 39/day, day-wr 64)
  quiet_range   TIME 30m|IB w100|hold-to-settle  train $451.9/t  test $768.1/t  (55 tr, 11/day, day-wr 100)
  mixed         DEMA 2+3+5 3x12|IB±25 w25|hold-to-settle  train $18.4/t  test $136.8/t  (173 tr, 17.3/day, day-wr 70)

[NDX] regime coverage — PER-TRADE expectancy (OOS, est_test_trades>=10):
  gap_go        HMA  2m 3x9|IB w80|TP35 only  train $1109.2/t  test $664.5/t  (650 tr, 43.3/day, day-wr 80)
  gap_fade      HMA  2+3+5 3x9|IB w100|TP50 only  train $1484.3/t  test $1647.6/t  (539 tr, 30/day, day-wr 94)
  gap_chop      HMA  5m 3x9|IB w100|TP50 SL3x  train $1173.6/t  test $1484.2/t  (654 tr, 29.7/day, day-wr 86)
  trend         DEMA 2+3 3x21|IB±40 w50|TP35 only  train $711.1/t  test $942.6/t  (89 tr, 8.9/day, day-wr 100)
  trend_vol     HMA  2+3+5 3x21|IB±50 w50|TP75 only  train $874.7/t  test $1461.3/t  (34 tr, 11.2/day, day-wr 100)
  chop          DEMA 2+3+5 3x21|IB w80|TP35 only  train $1325.1/t  test $1331.3/t  (76 tr, 10.9/day, day-wr 100)
  quiet_range   DEMA 2+3 3x21|IB w100|TP75 only  train $1523.3/t  test $1947/t  (91 tr, 15.2/day, day-wr 83)
  mixed         DEMA 2+3+5 3x21|IB w100|TP75 only  train $1910.1/t  test $1682.9/t  (135 tr, 11.2/day, day-wr 83)

playbook.json updated (v11). SPX: 8/8 regimes covered; uncovered=[] | NDX: 8/8 regimes covered; uncovered=[]
===== done 2026-06-22T06:36:19Z =====
===== playbook cycle 2026-06-23T06:30:01Z =====
SPX: classified 301/301 days → /home/ubuntu/SPXer/scripts/autoresearch/playbook/regimes-spx.json
Regime distribution:
  trend           57  (18.9%)
  gap_chop        45  (15.0%)
  gap_fade        43  (14.3%)
  gap_go          43  (14.3%)
  chop            34  (11.3%)
  mixed           34  (11.3%)
  quiet_range     28  (9.3%)
  trend_vol       17  (5.6%)
NDX: classified 303/303 days → /home/ubuntu/SPXer/scripts/autoresearch/playbook/regimes-ndx.json
Regime distribution:
  gap_chop        71  (23.4%)
  gap_fade        61  (20.1%)
  gap_go          50  (16.5%)
  mixed           37  (12.2%)
  trend           34  (11.2%)
  chop            21  (6.9%)
  quiet_range     19  (6.3%)
  trend_vol       10  (3.3%)

[SPX] regime coverage — PER-TRADE expectancy (OOS, est_test_trades>=10):
  gap_go        DEMA 2+3+5 3x21|IB w10|TP35 only  train $58.7/t  test $21.2/t  (156 tr, 12/day, day-wr 54)
  gap_fade      FLATFLY 10:00|IB w50|hold-to-settle  train $1130.5/t  test $790.9/t  (12 tr, 1/day, day-wr 58)
  gap_chop      TIME 30m|IB w100|hold-to-settle  train $341.3/t  test $922.2/t  (110 tr, 11/day, day-wr 90)
  trend         SMC 1m 8/3|smcP0.15 w4c|hold-to-settle  train $91.6/t  test $88.2/t  (11 tr, 1/day, day-wr 91)
  trend_vol     DEMA 5m 3x21|15ITM w10|hold-to-settle  train $60.5/t  test $171.4/t  (66 tr, 10.9/day, day-wr 83)
  chop          HMA  3m 3x9|IC 20w50|hold-to-settle  train $414.9/t  test $219.3/t  (430 tr, 39.1/day, day-wr 64)
  quiet_range   TIME 30m|IB w100|hold-to-settle  train $451.9/t  test $768.1/t  (55 tr, 11/day, day-wr 100)
  mixed         DEMA 2+3 3x21|IC 20w50|hold-to-settle  train $145.8/t  test $114.4/t  (179 tr, 16.3/day, day-wr 64)

[NDX] regime coverage — PER-TRADE expectancy (OOS, est_test_trades>=10):
  gap_go        HMA  2m 3x9|IB w80|TP35 only  train $1109.4/t  test $664.6/t  (650 tr, 43.3/day, day-wr 80)
  gap_fade      HMA  2+3 3x9|IB w100|TP50 only  train $1472.8/t  test $1691.6/t  (670 tr, 37.2/day, day-wr 94)
  gap_chop      HMA  5m 3x9|IB w100|TP50 SL3x  train $1173.4/t  test $1484/t  (655 tr, 29.8/day, day-wr 86)
  trend         DEMA 2+3 3x21|IB±40 w50|TP35 only  train $711.9/t  test $943.6/t  (89 tr, 8.9/day, day-wr 100)
  trend_vol     HMA  2+3+5 3x21|IB±50 w50|TP75 only  train $875.8/t  test $1463.2/t  (34 tr, 11.2/day, day-wr 100)
  chop          DEMA 2+3+5 3x21|IB w80|TP35 only  train $1328.3/t  test $1334.6/t  (76 tr, 10.9/day, day-wr 100)
  quiet_range   DEMA 2+3 3x21|IB w100|TP75 only  train $1524.6/t  test $1948.7/t  (91 tr, 15.1/day, day-wr 83)
  mixed         DEMA 2+3+5 3x21|IB w100|TP75 only  train $1914.7/t  test $1687/t  (135 tr, 11.2/day, day-wr 83)

playbook.json updated (v12). SPX: 8/8 regimes covered; uncovered=[] | NDX: 8/8 regimes covered; uncovered=[]
===== done 2026-06-23T06:32:47Z =====
===== playbook cycle 2026-06-24T06:30:01Z =====
SPX: classified 302/302 days → /home/ubuntu/SPXer/scripts/autoresearch/playbook/regimes-spx.json
Regime distribution:
  trend           57  (18.9%)
  gap_chop        46  (15.2%)
  gap_fade        43  (14.2%)
  gap_go          43  (14.2%)
  chop            34  (11.3%)
  mixed           34  (11.3%)
  quiet_range     28  (9.3%)
  trend_vol       17  (5.6%)
NDX: classified 304/304 days → /home/ubuntu/SPXer/scripts/autoresearch/playbook/regimes-ndx.json
Regime distribution:
  gap_chop        72  (23.7%)
  gap_fade        61  (20.1%)
  gap_go          50  (16.4%)
  mixed           37  (12.2%)
  trend           34  (11.2%)
  chop            21  (6.9%)
  quiet_range     19  (6.3%)
  trend_vol       10  (3.3%)

[SPX] regime coverage — PER-TRADE expectancy (OOS, est_test_trades>=10):
  gap_go        DEMA 2+3+5 3x21|IB w10|TP35 only  train $58.6/t  test $21.2/t  (156 tr, 12/day, day-wr 54)
  gap_fade      FLATFLY 10:00|IB w50|hold-to-settle  train $1130.5/t  test $790.9/t  (12 tr, 1/day, day-wr 58)
  gap_chop      TIME 30m|IB w100|hold-to-settle  train $375.2/t  test $866.1/t  (99 tr, 11/day, day-wr 89)
  trend         SMC 1m 8/3|smcP0.15 w4c|hold-to-settle  train $91.6/t  test $88.2/t  (11 tr, 1/day, day-wr 91)
  trend_vol     DEMA 5m 3x21|15ITM w10|hold-to-settle  train $60.4/t  test $171.3/t  (66 tr, 11/day, day-wr 83)
  chop          HMA  3m 3x9|IC 20w50|hold-to-settle  train $414.9/t  test $219.3/t  (430 tr, 39.1/day, day-wr 64)
  quiet_range   TIME 30m|IB w100|hold-to-settle  train $451.9/t  test $768.1/t  (55 tr, 11/day, day-wr 100)
  mixed         DEMA 2+3 3x21|IC 20w50|hold-to-settle  train $145.8/t  test $114.5/t  (179 tr, 16.3/day, day-wr 64)

[NDX] regime coverage — PER-TRADE expectancy (OOS, est_test_trades>=10):
  gap_go        HMA  2m 3x9|IB w80|TP35 only  train $1110.5/t  test $665.2/t  (649 tr, 43.3/day, day-wr 80)
  gap_fade      HMA  2+3 3x9|IB w100|TP50 only  train $1474.1/t  test $1693.2/t  (670 tr, 37.2/day, day-wr 94)
  gap_chop      HMA  5m 3x9|IB w100|TP50 SL3x  train $1192.4/t  test $1484.5/t  (654 tr, 29.7/day, day-wr 86)
  trend         DEMA 2+3 3x21|IB±40 w50|TP35 only  train $711.6/t  test $943.2/t  (89 tr, 8.9/day, day-wr 100)
  trend_vol     HMA  2+3+5 3x21|IB±50 w50|TP75 only  train $877.4/t  test $1465.9/t  (34 tr, 11.2/day, day-wr 100)
  chop          DEMA 2+3+5 3x21|IB w80|TP35 only  train $1329.5/t  test $1335.7/t  (76 tr, 10.9/day, day-wr 100)
  quiet_range   DEMA 2+3 3x21|IB w100|TP75 only  train $1525/t  test $1949.2/t  (91 tr, 15.1/day, day-wr 83)
  mixed         DEMA 2+3+5 3x21|IB w100|TP75 only  train $1916/t  test $1688.1/t  (134 tr, 11.2/day, day-wr 83)

playbook.json updated (v13). SPX: 8/8 regimes covered; uncovered=[] | NDX: 8/8 regimes covered; uncovered=[]
===== done 2026-06-24T06:32:45Z =====
===== playbook cycle 2026-06-25T06:30:01Z =====
SPX: classified 303/303 days → /home/ubuntu/SPXer/scripts/autoresearch/playbook/regimes-spx.json
Regime distribution:
  trend           57  (18.8%)
  gap_chop        46  (15.2%)
  gap_fade        43  (14.2%)
  gap_go          43  (14.2%)
  chop            35  (11.6%)
  mixed           34  (11.2%)
  quiet_range     28  (9.2%)
  trend_vol       17  (5.6%)
NDX: classified 305/305 days → /home/ubuntu/SPXer/scripts/autoresearch/playbook/regimes-ndx.json
Regime distribution:
  gap_chop        72  (23.6%)
  gap_fade        61  (20.0%)
  gap_go          50  (16.4%)
  mixed           37  (12.1%)
  trend           34  (11.1%)
  chop            22  (7.2%)
  quiet_range     19  (6.2%)
  trend_vol       10  (3.3%)

[SPX] regime coverage — PER-TRADE expectancy (OOS, est_test_trades>=10):
  gap_go        DEMA 2+3+5 3x21|IB w10|TP35 only  train $58.6/t  test $21.2/t  (156 tr, 12/day, day-wr 54)
  gap_fade      FLATFLY 10:00|IB w50|hold-to-settle  train $1130.5/t  test $790.9/t  (12 tr, 1/day, day-wr 58)
  gap_chop      TIME 30m|IB w100|hold-to-settle  train $375.2/t  test $866.1/t  (99 tr, 11/day, day-wr 89)
  trend         SMC 1m 8/3|smcP0.15 w4c|hold-to-settle  train $91.6/t  test $88.2/t  (11 tr, 1/day, day-wr 91)
  trend_vol     DEMA 5m 3x21|15ITM w10|hold-to-settle  train $60.5/t  test $171.4/t  (66 tr, 10.9/day, day-wr 83)
  chop          TIME 30m|IB w100|hold-to-settle  train $686.9/t  test $101.3/t  (99 tr, 11/day, day-wr 44)
  quiet_range   TIME 30m|IB w100|hold-to-settle  train $451.9/t  test $768.1/t  (55 tr, 11/day, day-wr 100)
  mixed         DEMA 2+3 3x21|IC 20w50|hold-to-settle  train $146/t  test $114.6/t  (179 tr, 16.2/day, day-wr 64)

[NDX] regime coverage — PER-TRADE expectancy (OOS, est_test_trades>=10):
  gap_go        HMA  2m 3x9|IB w80|TP35 only  train $1111/t  test $665.6/t  (649 tr, 43.3/day, day-wr 80)
  gap_fade      HMA  2+3 3x9|IB w100|TP50 only  train $1474.6/t  test $1693.8/t  (670 tr, 37.2/day, day-wr 94)
  gap_chop      HMA  5m 3x9|IB w100|TP50 SL3x  train $1193.2/t  test $1485.5/t  (654 tr, 29.7/day, day-wr 86)
  trend         DEMA 2+3 3x21|IB±40 w50|TP35 only  train $711.6/t  test $943.2/t  (89 tr, 8.9/day, day-wr 100)
  trend_vol     HMA  2+3+5 3x21|IB±50 w50|TP75 only  train $879.3/t  test $1469/t  (33 tr, 11.1/day, day-wr 100)
  chop          DEMA 2+3+5 3x21|IB w100|TP50 only  train $1726.7/t  test $1926.8/t  (78 tr, 11.2/day, day-wr 86)
  quiet_range   DEMA 2+3 3x21|IB w100|TP75 only  train $1525.4/t  test $1949.7/t  (91 tr, 15.1/day, day-wr 83)
  mixed         DEMA 2+3+5 3x21|IB w100|TP75 only  train $1915/t  test $1687.2/t  (135 tr, 11.2/day, day-wr 83)

playbook.json updated (v14). SPX: 8/8 regimes covered; uncovered=[] | NDX: 8/8 regimes covered; uncovered=[]
===== done 2026-06-25T06:32:43Z =====
===== playbook cycle 2026-06-26T06:30:01Z =====
SPX: classified 304/304 days → /home/ubuntu/SPXer/scripts/autoresearch/playbook/regimes-spx.json
Regime distribution:
  trend           57  (18.8%)
  gap_chop        46  (15.1%)
  gap_fade        44  (14.5%)
  gap_go          43  (14.1%)
  chop            35  (11.5%)
  mixed           34  (11.2%)
  quiet_range     28  (9.2%)
  trend_vol       17  (5.6%)
npm notice
npm notice New major version of npm available! 10.9.4 -> 11.17.0
npm notice Changelog: https://github.com/npm/cli/releases/tag/v11.17.0
npm notice To update run: npm install -g npm@11.17.0
npm notice
NDX: classified 306/306 days → /home/ubuntu/SPXer/scripts/autoresearch/playbook/regimes-ndx.json
Regime distribution:
  gap_chop        72  (23.5%)
  gap_fade        62  (20.3%)
  gap_go          50  (16.3%)
  mixed           37  (12.1%)
  trend           34  (11.1%)
  chop            22  (7.2%)
  quiet_range     19  (6.2%)
  trend_vol       10  (3.3%)

[SPX] regime coverage — PER-TRADE expectancy (OOS, est_test_trades>=10):
  gap_go        DEMA 2+3+5 3x21|IB w10|TP35 only  train $58.6/t  test $21.1/t  (157 tr, 12/day, day-wr 54)
  gap_fade      FLATFLY 10:00|IB w50|hold-to-settle  train $1130.5/t  test $790.9/t  (12 tr, 1/day, day-wr 58)
  gap_chop      TIME 30m|IB w100|hold-to-settle  train $375.2/t  test $866.1/t  (99 tr, 11/day, day-wr 89)
  trend         SMC 1m 8/3|smcP0.15 w4c|hold-to-settle  train $91.6/t  test $88.2/t  (11 tr, 1/day, day-wr 91)
  trend_vol     DEMA 5m 3x21|15ITM w10|hold-to-settle  train $60.4/t  test $171.2/t  (66 tr, 11/day, day-wr 83)
  chop          TIME 30m|IB w100|hold-to-settle  train $686.9/t  test $101.3/t  (99 tr, 11/day, day-wr 44)
  quiet_range   TIME 30m|IB w100|hold-to-settle  train $451.9/t  test $768.1/t  (55 tr, 11/day, day-wr 100)
  mixed         DEMA 2+3 3x21|IC 20w50|hold-to-settle  train $145.8/t  test $114.4/t  (179 tr, 16.3/day, day-wr 64)

[NDX] regime coverage — PER-TRADE expectancy (OOS, est_test_trades>=10):
  gap_go        HMA  2m 3x9|IB w80|TP35 only  train $1112.4/t  test $666.4/t  (648 tr, 43.2/day, day-wr 80)
  gap_fade      HMA  2+3+5 3x9|IB w100|TP50 only  train $1508/t  test $1685.3/t  (569 tr, 29.9/day, day-wr 95)
  gap_chop      HMA  5m 3x9|IB w100|TP50 SL3x  train $1193.4/t  test $1485.7/t  (654 tr, 29.7/day, day-wr 86)
  trend         DEMA 2+3 3x21|IB±40 w50|TP35 only  train $712.4/t  test $944.2/t  (89 tr, 8.9/day, day-wr 100)
  trend_vol     HMA  2+3+5 3x21|IB±50 w50|TP75 only  train $881.7/t  test $1473/t  (33 tr, 11.1/day, day-wr 100)
  chop          DEMA 2+3+5 3x21|IB w100|TP50 only  train $1722.2/t  test $1921.9/t  (79 tr, 11.2/day, day-wr 86)
  quiet_range   DEMA 2+3 3x21|IB w100|TP75 only  train $1524.8/t  test $1948.9/t  (91 tr, 15.1/day, day-wr 83)
  mixed         DEMA 2+3+5 3x21|IB w100|TP75 only  train $1910.1/t  test $1682.9/t  (135 tr, 11.2/day, day-wr 83)

playbook.json updated (v15). SPX: 8/8 regimes covered; uncovered=[] | NDX: 8/8 regimes covered; uncovered=[]
===== done 2026-06-26T06:32:44Z =====
===== playbook cycle 2026-06-27T06:30:01Z =====
SPX: classified 305/305 days → /home/ubuntu/SPXer/scripts/autoresearch/playbook/regimes-spx.json
Regime distribution:
  trend           57  (18.7%)
  gap_chop        46  (15.1%)
  gap_fade        45  (14.8%)
  gap_go          43  (14.1%)
  chop            35  (11.5%)
  mixed           34  (11.1%)
  quiet_range     28  (9.2%)
  trend_vol       17  (5.6%)
NDX: classified 307/307 days → /home/ubuntu/SPXer/scripts/autoresearch/playbook/regimes-ndx.json
Regime distribution:
  gap_chop        73  (23.8%)
  gap_fade        62  (20.2%)
  gap_go          50  (16.3%)
  mixed           37  (12.1%)
  trend           34  (11.1%)
  chop            22  (7.2%)
  quiet_range     19  (6.2%)
  trend_vol       10  (3.3%)

[SPX] regime coverage — PER-TRADE expectancy (OOS, est_test_trades>=10):
  gap_go        DEMA 2+3+5 3x21|IB w10|TP35 only  train $58.6/t  test $21.2/t  (156 tr, 12/day, day-wr 54)
  gap_fade      FLATFLY 10:00|IB w50|hold-to-settle  train $1101.7/t  test $833.3/t  (11 tr, 1/day, day-wr 55)
  gap_chop      TIME 30m|IB w100|hold-to-settle  train $375.2/t  test $866.1/t  (99 tr, 11/day, day-wr 89)
  trend         SMC 1m 8/3|smcP0.15 w4c|hold-to-settle  train $91.6/t  test $88.2/t  (11 tr, 1/day, day-wr 91)
  trend_vol     DEMA 5m 3x21|15ITM w10|hold-to-settle  train $60.4/t  test $171.2/t  (66 tr, 11/day, day-wr 83)
  chop          TIME 30m|IB w100|hold-to-settle  train $686.9/t  test $101.3/t  (99 tr, 11/day, day-wr 44)
  quiet_range   TIME 30m|IB w100|hold-to-settle  train $451.9/t  test $768.1/t  (55 tr, 11/day, day-wr 100)
  mixed         DEMA 2+3 3x21|IC 20w50|hold-to-settle  train $145.8/t  test $114.4/t  (179 tr, 16.3/day, day-wr 64)

[NDX] regime coverage — PER-TRADE expectancy (OOS, est_test_trades>=10):
  gap_go        HMA  2m 3x9|IB w80|TP35 only  train $1113.2/t  test $666.9/t  (648 tr, 43.2/day, day-wr 80)
  gap_fade      HMA  2+3+5 3x9|IB w100|TP50 only  train $1508.2/t  test $1685.5/t  (569 tr, 29.9/day, day-wr 95)
  gap_chop      HMA  5m 3x9|IB w100|TP50 only  train $1234.9/t  test $1401.1/t  (653 tr, 29.7/day, day-wr 86)
  trend         DEMA 2+3 3x21|IB±40 w50|TP35 only  train $713.2/t  test $945.3/t  (89 tr, 8.9/day, day-wr 100)
  trend_vol     HMA  2+3+5 3x21|IB±50 w50|TP75 only  train $882.2/t  test $1473.9/t  (33 tr, 11.1/day, day-wr 100)
  chop          DEMA 2+3+5 3x21|IB w100|TP50 only  train $1725.4/t  test $1925.4/t  (79 tr, 11.2/day, day-wr 86)
  quiet_range   DEMA 2+3 3x21|IB w100|TP75 only  train $1527.1/t  test $1951.9/t  (91 tr, 15.1/day, day-wr 83)
  mixed         DEMA 2+3+5 3x21|IB w100|TP75 only  train $1913.5/t  test $1686/t  (135 tr, 11.2/day, day-wr 83)

playbook.json updated (v16). SPX: 8/8 regimes covered; uncovered=[] | NDX: 8/8 regimes covered; uncovered=[]
===== done 2026-06-27T06:32:41Z =====
===== playbook cycle 2026-06-28T06:30:01Z =====
SPX: classified 305/305 days → /home/ubuntu/SPXer/scripts/autoresearch/playbook/regimes-spx.json
Regime distribution:
  trend           57  (18.7%)
  gap_chop        46  (15.1%)
  gap_fade        45  (14.8%)
  gap_go          43  (14.1%)
  chop            35  (11.5%)
  mixed           34  (11.1%)
  quiet_range     28  (9.2%)
  trend_vol       17  (5.6%)
NDX: classified 307/307 days → /home/ubuntu/SPXer/scripts/autoresearch/playbook/regimes-ndx.json
Regime distribution:
  gap_chop        73  (23.8%)
  gap_fade        62  (20.2%)
  gap_go          50  (16.3%)
  mixed           37  (12.1%)
  trend           34  (11.1%)
  chop            22  (7.2%)
  quiet_range     19  (6.2%)
  trend_vol       10  (3.3%)

[SPX] regime coverage — PER-TRADE expectancy (OOS, est_test_trades>=10):
  gap_go        DEMA 2+3+5 3x21|IB w10|TP35 only  train $58.6/t  test $21.2/t  (156 tr, 12/day, day-wr 54)
  gap_fade      FLATFLY 10:00|IB w50|hold-to-settle  train $1101.7/t  test $833.3/t  (11 tr, 1/day, day-wr 55)
  gap_chop      TIME 30m|IB w100|hold-to-settle  train $375.2/t  test $866.1/t  (99 tr, 11/day, day-wr 89)
  trend         SMC 1m 8/3|smcP0.15 w4c|hold-to-settle  train $91.6/t  test $88.2/t  (11 tr, 1/day, day-wr 91)
  trend_vol     DEMA 5m 3x21|15ITM w10|hold-to-settle  train $60.4/t  test $171.2/t  (66 tr, 11/day, day-wr 83)
  chop          TIME 30m|IB w100|hold-to-settle  train $686.9/t  test $101.3/t  (99 tr, 11/day, day-wr 44)
  quiet_range   TIME 30m|IB w100|hold-to-settle  train $451.9/t  test $768.1/t  (55 tr, 11/day, day-wr 100)
  mixed         DEMA 2+3 3x21|IC 20w50|hold-to-settle  train $145.8/t  test $114.4/t  (179 tr, 16.3/day, day-wr 64)

[NDX] regime coverage — PER-TRADE expectancy (OOS, est_test_trades>=10):
  gap_go        HMA  2m 3x9|IB w80|TP35 only  train $1113.2/t  test $666.9/t  (648 tr, 43.2/day, day-wr 80)
  gap_fade      HMA  2+3+5 3x9|IB w100|TP50 only  train $1508.2/t  test $1685.5/t  (569 tr, 29.9/day, day-wr 95)
  gap_chop      HMA  5m 3x9|IB w100|TP50 only  train $1234.9/t  test $1401.1/t  (653 tr, 29.7/day, day-wr 86)
  trend         DEMA 2+3 3x21|IB±40 w50|TP35 only  train $713.2/t  test $945.3/t  (89 tr, 8.9/day, day-wr 100)
  trend_vol     HMA  2+3+5 3x21|IB±50 w50|TP75 only  train $882.2/t  test $1473.9/t  (33 tr, 11.1/day, day-wr 100)
  chop          DEMA 2+3+5 3x21|IB w100|TP50 only  train $1725.4/t  test $1925.4/t  (79 tr, 11.2/day, day-wr 86)
  quiet_range   DEMA 2+3 3x21|IB w100|TP75 only  train $1527.1/t  test $1951.9/t  (91 tr, 15.1/day, day-wr 83)
  mixed         DEMA 2+3+5 3x21|IB w100|TP75 only  train $1913.5/t  test $1686/t  (135 tr, 11.2/day, day-wr 83)

playbook.json updated (v17). SPX: 8/8 regimes covered; uncovered=[] | NDX: 8/8 regimes covered; uncovered=[]
===== done 2026-06-28T06:32:44Z =====
===== playbook cycle 2026-06-29T06:30:01Z =====
SPX: classified 305/305 days → /home/ubuntu/SPXer/scripts/autoresearch/playbook/regimes-spx.json
Regime distribution:
  trend           57  (18.7%)
  gap_chop        46  (15.1%)
  gap_fade        45  (14.8%)
  gap_go          43  (14.1%)
  chop            35  (11.5%)
  mixed           34  (11.1%)
  quiet_range     28  (9.2%)
  trend_vol       17  (5.6%)
NDX: classified 307/307 days → /home/ubuntu/SPXer/scripts/autoresearch/playbook/regimes-ndx.json
Regime distribution:
  gap_chop        73  (23.8%)
  gap_fade        62  (20.2%)
  gap_go          50  (16.3%)
  mixed           37  (12.1%)
  trend           34  (11.1%)
  chop            22  (7.2%)
  quiet_range     19  (6.2%)
  trend_vol       10  (3.3%)

[SPX] regime coverage — PER-TRADE expectancy (OOS, est_test_trades>=10):
  gap_go        DEMA 2+3+5 3x21|IB w10|TP35 only  train $58.6/t  test $21.2/t  (156 tr, 12/day, day-wr 54)
  gap_fade      FLATFLY 10:00|IB w50|hold-to-settle  train $1101.7/t  test $833.3/t  (11 tr, 1/day, day-wr 55)
  gap_chop      TIME 30m|IB w100|hold-to-settle  train $375.2/t  test $866.1/t  (99 tr, 11/day, day-wr 89)
  trend         SMC 1m 8/3|smcP0.15 w4c|hold-to-settle  train $91.6/t  test $88.2/t  (11 tr, 1/day, day-wr 91)
  trend_vol     DEMA 5m 3x21|15ITM w10|hold-to-settle  train $60.4/t  test $171.2/t  (66 tr, 11/day, day-wr 83)
  chop          TIME 30m|IB w100|hold-to-settle  train $686.9/t  test $101.3/t  (99 tr, 11/day, day-wr 44)
  quiet_range   TIME 30m|IB w100|hold-to-settle  train $451.9/t  test $768.1/t  (55 tr, 11/day, day-wr 100)
  mixed         DEMA 2+3 3x21|IC 20w50|hold-to-settle  train $145.8/t  test $114.4/t  (179 tr, 16.3/day, day-wr 64)

[NDX] regime coverage — PER-TRADE expectancy (OOS, est_test_trades>=10):
  gap_go        HMA  2m 3x9|IB w80|TP35 only  train $1113.2/t  test $666.9/t  (648 tr, 43.2/day, day-wr 80)
  gap_fade      HMA  2+3+5 3x9|IB w100|TP50 only  train $1508.2/t  test $1685.5/t  (569 tr, 29.9/day, day-wr 95)
  gap_chop      HMA  5m 3x9|IB w100|TP50 only  train $1234.9/t  test $1401.1/t  (653 tr, 29.7/day, day-wr 86)
  trend         DEMA 2+3 3x21|IB±40 w50|TP35 only  train $713.2/t  test $945.3/t  (89 tr, 8.9/day, day-wr 100)
  trend_vol     HMA  2+3+5 3x21|IB±50 w50|TP75 only  train $882.2/t  test $1473.9/t  (33 tr, 11.1/day, day-wr 100)
  chop          DEMA 2+3+5 3x21|IB w100|TP50 only  train $1725.4/t  test $1925.4/t  (79 tr, 11.2/day, day-wr 86)
  quiet_range   DEMA 2+3 3x21|IB w100|TP75 only  train $1527.1/t  test $1951.9/t  (91 tr, 15.1/day, day-wr 83)
  mixed         DEMA 2+3+5 3x21|IB w100|TP75 only  train $1913.5/t  test $1686/t  (135 tr, 11.2/day, day-wr 83)

playbook.json updated (v18). SPX: 8/8 regimes covered; uncovered=[] | NDX: 8/8 regimes covered; uncovered=[]
===== done 2026-06-29T06:32:45Z =====
===== playbook cycle 2026-06-30T06:30:01Z =====
SPX: classified 306/306 days → /home/ubuntu/SPXer/scripts/autoresearch/playbook/regimes-spx.json
Regime distribution:
  trend           57  (18.6%)
  gap_chop        46  (15.0%)
  gap_fade        45  (14.7%)
  gap_go          44  (14.4%)
  chop            35  (11.4%)
  mixed           34  (11.1%)
  quiet_range     28  (9.2%)
  trend_vol       17  (5.6%)
NDX: classified 308/308 days → /home/ubuntu/SPXer/scripts/autoresearch/playbook/regimes-ndx.json
Regime distribution:
  gap_chop        73  (23.7%)
  gap_fade        62  (20.1%)
  gap_go          51  (16.6%)
  mixed           37  (12.0%)
  trend           34  (11.0%)
  chop            22  (7.1%)
  quiet_range     19  (6.2%)
  trend_vol       10  (3.2%)

[SPX] regime coverage — PER-TRADE expectancy (OOS, est_test_trades>=10):
  gap_go        DEMA 2+3+5 3x21|IB w10|TP35 only  train $58.6/t  test $19.5/t  (169 tr, 12/day, day-wr 50)
  gap_fade      FLATFLY 10:00|IB w50|hold-to-settle  train $1101.7/t  test $833.3/t  (11 tr, 1/day, day-wr 55)
  gap_chop      TIME 30m|IB w100|hold-to-settle  train $375.2/t  test $866.1/t  (99 tr, 11/day, day-wr 89)
  trend         SMC 1m 8/3|smcP0.15 w4c|hold-to-settle  train $91.6/t  test $88.2/t  (11 tr, 1/day, day-wr 91)
  trend_vol     DEMA 5m 3x21|15ITM w10|hold-to-settle  train $60.4/t  test $171.1/t  (66 tr, 11/day, day-wr 83)
  chop          TIME 30m|IB w100|hold-to-settle  train $686.9/t  test $101.3/t  (99 tr, 11/day, day-wr 44)
  quiet_range   TIME 30m|IB w100|hold-to-settle  train $451.9/t  test $768.1/t  (55 tr, 11/day, day-wr 100)
  mixed         DEMA 2+3 3x21|IC 20w50|hold-to-settle  train $145.6/t  test $114.3/t  (179 tr, 16.3/day, day-wr 64)

[NDX] regime coverage — PER-TRADE expectancy (OOS, est_test_trades>=10):
  gap_go        HMA  3m 3x9|IB w80|TP35 only  train $1089.6/t  test $676/t  (570 tr, 35.6/day, day-wr 75)
  gap_fade      HMA  2+3+5 3x9|IB w100|TP50 only  train $1508.8/t  test $1686.2/t  (569 tr, 29.9/day, day-wr 95)
  gap_chop      HMA  5m 3x9|IB w100|TP50 only  train $1235.3/t  test $1401.5/t  (653 tr, 29.7/day, day-wr 86)
  trend         DEMA 2+3 3x21|IB±40 w50|TP35 only  train $713.4/t  test $945.6/t  (89 tr, 8.9/day, day-wr 100)
  trend_vol     HMA  2+3+5 3x21|IB±50 w50|TP75 only  train $880.4/t  test $1470.9/t  (33 tr, 11.1/day, day-wr 100)
  chop          DEMA 2+3+5 3x21|IB w100|TP50 only  train $1726/t  test $1926.1/t  (79 tr, 11.2/day, day-wr 86)
  quiet_range   DEMA 2+3 3x21|IB w100|TP75 only  train $1527.2/t  test $1952/t  (91 tr, 15.1/day, day-wr 83)
  mixed         DEMA 2+3+5 3x21|IB w100|TP75 only  train $1914.2/t  test $1686.6/t  (135 tr, 11.2/day, day-wr 83)

playbook.json updated (v19). SPX: 8/8 regimes covered; uncovered=[] | NDX: 8/8 regimes covered; uncovered=[]
===== done 2026-06-30T06:32:44Z =====
===== playbook cycle 2026-07-01T06:30:01Z =====
SPX: classified 307/307 days → /home/ubuntu/SPXer/scripts/autoresearch/playbook/regimes-spx.json
Regime distribution:
  trend           58  (18.9%)
  gap_chop        46  (15.0%)
  gap_fade        45  (14.7%)
  gap_go          44  (14.3%)
  chop            35  (11.4%)
  mixed           34  (11.1%)
  quiet_range     28  (9.1%)
  trend_vol       17  (5.5%)
NDX: classified 309/309 days → /home/ubuntu/SPXer/scripts/autoresearch/playbook/regimes-ndx.json
Regime distribution:
  gap_chop        73  (23.6%)
  gap_fade        62  (20.1%)
  gap_go          51  (16.5%)
  mixed           37  (12.0%)
  trend           35  (11.3%)
  chop            22  (7.1%)
  quiet_range     19  (6.1%)
  trend_vol       10  (3.2%)

[SPX] regime coverage — PER-TRADE expectancy (OOS, est_test_trades>=10):
  gap_go        DEMA 2+3+5 3x21|IB w10|TP35 only  train $58.5/t  test $19.4/t  (169 tr, 12/day, day-wr 50)
  gap_fade      FLATFLY 10:00|IB w50|hold-to-settle  train $1101.7/t  test $833.3/t  (11 tr, 1/day, day-wr 55)
  gap_chop      TIME 30m|IB w100|hold-to-settle  train $375.2/t  test $866.1/t  (99 tr, 11/day, day-wr 89)
  trend         DEMA 2+3 3x21|IB w50|hold-to-settle  train $274.8/t  test $133.5/t  (296 tr, 16.5/day, day-wr 67)
  trend_vol     DEMA 5m 3x21|15ITM w10|hold-to-settle  train $60.3/t  test $171/t  (66 tr, 11/day, day-wr 83)
  chop          TIME 30m|IB w100|hold-to-settle  train $686.9/t  test $101.3/t  (99 tr, 11/day, day-wr 44)
  quiet_range   TIME 30m|IB w100|hold-to-settle  train $451.9/t  test $768.1/t  (55 tr, 11/day, day-wr 100)
  mixed         DEMA 2+3 3x21|IC 20w50|hold-to-settle  train $145.5/t  test $114.2/t  (179 tr, 16.3/day, day-wr 64)

[NDX] regime coverage — PER-TRADE expectancy (OOS, est_test_trades>=10):
  gap_go        HMA  3m 3x9|IB w80|TP35 only  train $1089.8/t  test $676.1/t  (570 tr, 35.6/day, day-wr 75)
  gap_fade      HMA  2+3+5 3x9|IB w100|TP50 only  train $1509.1/t  test $1686.6/t  (568 tr, 29.9/day, day-wr 95)
  gap_chop      HMA  5m 3x9|IB w100|TP50 only  train $1235/t  test $1401.2/t  (653 tr, 29.7/day, day-wr 86)
  trend         DEMA 2+3+5 3x12|IB w100|TP35 only  train $373.3/t  test $1162.1/t  (177 tr, 16.1/day, day-wr 82)
  trend_vol     HMA  2+3+5 3x21|IB±50 w50|TP75 only  train $880.2/t  test $1470.5/t  (33 tr, 11.1/day, day-wr 100)
  chop          DEMA 2+3+5 3x21|IB w100|TP50 only  train $1725.1/t  test $1925.1/t  (79 tr, 11.2/day, day-wr 86)
  quiet_range   DEMA 2+3 3x21|IB w100|TP75 only  train $1525.9/t  test $1950.3/t  (91 tr, 15.1/day, day-wr 83)
  mixed         DEMA 2+3+5 3x21|IB w100|TP75 only  train $1913.2/t  test $1685.7/t  (135 tr, 11.2/day, day-wr 83)

playbook.json updated (v20). SPX: 8/8 regimes covered; uncovered=[] | NDX: 8/8 regimes covered; uncovered=[]
===== done 2026-07-01T06:32:52Z =====
===== playbook cycle 2026-07-02T06:30:01Z =====
SPX: classified 308/308 days → /home/ubuntu/SPXer/scripts/autoresearch/playbook/regimes-spx.json
Regime distribution:
  trend           58  (18.8%)
  gap_chop        46  (14.9%)
  gap_fade        45  (14.6%)
  gap_go          44  (14.3%)
  chop            35  (11.4%)
  mixed           34  (11.0%)
  quiet_range     29  (9.4%)
  trend_vol       17  (5.5%)
NDX: classified 310/310 days → /home/ubuntu/SPXer/scripts/autoresearch/playbook/regimes-ndx.json
Regime distribution:
  gap_chop        74  (23.9%)
  gap_fade        62  (20.0%)
  gap_go          51  (16.5%)
  mixed           37  (11.9%)
  trend           35  (11.3%)
  chop            22  (7.1%)
  quiet_range     19  (6.1%)
  trend_vol       10  (3.2%)

[SPX] regime coverage — PER-TRADE expectancy (OOS, est_test_trades>=10):
  gap_go        DEMA 2+3+5 3x21|IB w10|TP35 only  train $58.6/t  test $19.5/t  (168 tr, 12/day, day-wr 50)
  gap_fade      FLATFLY 10:00|IB w50|hold-to-settle  train $1101.7/t  test $833.3/t  (11 tr, 1/day, day-wr 55)
  gap_chop      TIME 30m|IB w100|hold-to-settle  train $375.2/t  test $866.1/t  (99 tr, 11/day, day-wr 89)
  trend         DEMA 2+3 3x21|IB w50|hold-to-settle  train $274.6/t  test $133.4/t  (296 tr, 16.5/day, day-wr 67)
  trend_vol     DEMA 5m 3x21|15ITM w10|hold-to-settle  train $60.3/t  test $171.1/t  (66 tr, 11/day, day-wr 83)
  chop          TIME 30m|IB w100|hold-to-settle  train $686.9/t  test $101.3/t  (99 tr, 11/day, day-wr 44)
  quiet_range   TIME 30m|IB w100|hold-to-settle  train $459.5/t  test $809.3/t  (44 tr, 11/day, day-wr 100)
  mixed         DEMA 2+3 3x21|IC 20w50|hold-to-settle  train $145.4/t  test $114.1/t  (179 tr, 16.3/day, day-wr 64)

[NDX] regime coverage — PER-TRADE expectancy (OOS, est_test_trades>=10):
  gap_go        HMA  3m 3x9|IB w80|TP35 only  train $1089.3/t  test $675.8/t  (570 tr, 35.6/day, day-wr 75)
  gap_fade      HMA  2+3+5 3x9|IB w100|TP50 only  train $1508.3/t  test $1685.6/t  (569 tr, 29.9/day, day-wr 95)
  gap_chop      HMA  5m 3x9|IB w100|TP50 only  train $1235.2/t  test $1410.7/t  (683 tr, 29.7/day, day-wr 87)
  trend         DEMA 2+3+5 3x12|IB w100|TP35 only  train $373/t  test $1161.1/t  (177 tr, 16.1/day, day-wr 82)
  trend_vol     HMA  2+3+5 3x21|IB±50 w50|TP75 only  train $880.3/t  test $1470.6/t  (33 tr, 11.1/day, day-wr 100)
  chop          DEMA 2+3+5 3x21|IB w100|TP50 only  train $1721.7/t  test $1921.3/t  (79 tr, 11.2/day, day-wr 86)
  quiet_range   DEMA 2+3 3x21|IB w100|TP75 only  train $1523.7/t  test $1947.5/t  (91 tr, 15.1/day, day-wr 83)
  mixed         DEMA 2+3+5 3x21|IB w100|TP75 only  train $1909.5/t  test $1682.4/t  (135 tr, 11.2/day, day-wr 83)

playbook.json updated (v21). SPX: 8/8 regimes covered; uncovered=[] | NDX: 8/8 regimes covered; uncovered=[]
===== done 2026-07-02T06:32:49Z =====
===== playbook cycle 2026-07-03T06:30:01Z =====
SPX: classified 309/309 days → /home/ubuntu/SPXer/scripts/autoresearch/playbook/regimes-spx.json
Regime distribution:
  trend           58  (18.8%)
  gap_chop        46  (14.9%)
  gap_fade        45  (14.6%)
  gap_go          44  (14.2%)
  chop            36  (11.7%)
  mixed           34  (11.0%)
  quiet_range     29  (9.4%)
  trend_vol       17  (5.5%)
npm notice
npm notice New major version of npm available! 10.9.4 -> 11.18.0
npm notice Changelog: https://github.com/npm/cli/releases/tag/v11.18.0
npm notice To update run: npm install -g npm@11.18.0
npm notice
NDX: classified 311/311 days → /home/ubuntu/SPXer/scripts/autoresearch/playbook/regimes-ndx.json
Regime distribution:
  gap_chop        74  (23.8%)
  gap_fade        62  (19.9%)
  gap_go          51  (16.4%)
  mixed           38  (12.2%)
  trend           35  (11.3%)
  chop            22  (7.1%)
  quiet_range     19  (6.1%)
  trend_vol       10  (3.2%)

[SPX] regime coverage — PER-TRADE expectancy (OOS, est_test_trades>=10):
  gap_go        DEMA 2+3+5 3x21|IB w10|TP35 only  train $58.5/t  test $19.4/t  (169 tr, 12/day, day-wr 50)
  gap_fade      FLATFLY 10:00|IB w50|hold-to-settle  train $1101.7/t  test $833.3/t  (11 tr, 1/day, day-wr 55)
  gap_chop      TIME 30m|IB w100|hold-to-settle  train $375.2/t  test $866.1/t  (99 tr, 11/day, day-wr 89)
  trend         DEMA 2+3 3x21|IB w50|hold-to-settle  train $274.4/t  test $133.3/t  (297 tr, 16.5/day, day-wr 67)
  trend_vol     DEMA 5m 3x21|15ITM w10|hold-to-settle  train $60.3/t  test $171/t  (66 tr, 11/day, day-wr 83)
  chop          TIME 30m|IB w100|hold-to-settle  train $639.1/t  test $177.5/t  (88 tr, 11/day, day-wr 50)
  quiet_range   TIME 30m|IB w100|hold-to-settle  train $459.5/t  test $809.3/t  (44 tr, 11/day, day-wr 100)
  mixed         DEMA 2+3 3x21|IC 20w50|hold-to-settle  train $145.3/t  test $114/t  (180 tr, 16.3/day, day-wr 64)

[NDX] regime coverage — PER-TRADE expectancy (OOS, est_test_trades>=10):
  gap_go        HMA  3m 3x9|IB w80|TP35 only  train $1089.3/t  test $675.8/t  (570 tr, 35.6/day, day-wr 75)
  gap_fade      HMA  2+3+5 3x9|IB w100|TP50 only  train $1508.3/t  test $1685.6/t  (569 tr, 29.9/day, day-wr 95)
  gap_chop      HMA  5m 3x9|IB w100|TP50 only  train $1235.2/t  test $1410.7/t  (683 tr, 29.7/day, day-wr 87)
  trend         DEMA 2+3+5 3x12|IB w100|TP35 only  train $373/t  test $1161.1/t  (177 tr, 16.1/day, day-wr 82)
  trend_vol     HMA  2+3+5 3x21|IB±50 w50|TP75 only  train $880.3/t  test $1470.6/t  (33 tr, 11.1/day, day-wr 100)
  chop          DEMA 2+3+5 3x21|IB w100|TP50 only  train $1721.7/t  test $1921.3/t  (79 tr, 11.2/day, day-wr 86)
  quiet_range   DEMA 2+3 3x21|IB w100|TP75 only  train $1523.7/t  test $1947.5/t  (91 tr, 15.1/day, day-wr 83)
  mixed         DEMA 2+3+5 3x12|IB w80|TP75 only  train $1641.3/t  test $1487/t  (170 tr, 15.5/day, day-wr 91)

playbook.json updated (v22). SPX: 8/8 regimes covered; uncovered=[] | NDX: 8/8 regimes covered; uncovered=[]
===== done 2026-07-03T06:32:51Z =====
===== playbook cycle 2026-07-04T06:30:01Z =====
SPX: classified 309/309 days → /home/ubuntu/SPXer/scripts/autoresearch/playbook/regimes-spx.json
Regime distribution:
  trend           58  (18.8%)
  gap_chop        46  (14.9%)
  gap_fade        45  (14.6%)
  gap_go          44  (14.2%)
  chop            36  (11.7%)
  mixed           34  (11.0%)
  quiet_range     29  (9.4%)
  trend_vol       17  (5.5%)
NDX: classified 311/311 days → /home/ubuntu/SPXer/scripts/autoresearch/playbook/regimes-ndx.json
Regime distribution:
  gap_chop        74  (23.8%)
  gap_fade        62  (19.9%)
  gap_go          51  (16.4%)
  mixed           38  (12.2%)
  trend           35  (11.3%)
  chop            22  (7.1%)
  quiet_range     19  (6.1%)
  trend_vol       10  (3.2%)

[SPX] regime coverage — PER-TRADE expectancy (OOS, est_test_trades>=10):
  gap_go        DEMA 2+3+5 3x21|IB w10|TP35 only  train $58.5/t  test $19.4/t  (169 tr, 12/day, day-wr 50)
  gap_fade      FLATFLY 10:00|IB w50|hold-to-settle  train $1101.7/t  test $833.3/t  (11 tr, 1/day, day-wr 55)
  gap_chop      TIME 30m|IB w100|hold-to-settle  train $375.2/t  test $866.1/t  (99 tr, 11/day, day-wr 89)
  trend         DEMA 2+3 3x21|IB w50|hold-to-settle  train $274.4/t  test $133.3/t  (297 tr, 16.5/day, day-wr 67)
  trend_vol     DEMA 5m 3x21|15ITM w10|hold-to-settle  train $60.3/t  test $171/t  (66 tr, 11/day, day-wr 83)
  chop          TIME 30m|IB w100|hold-to-settle  train $639.1/t  test $177.5/t  (88 tr, 11/day, day-wr 50)
  quiet_range   TIME 30m|IB w100|hold-to-settle  train $459.5/t  test $809.3/t  (44 tr, 11/day, day-wr 100)
  mixed         DEMA 2+3 3x21|IC 20w50|hold-to-settle  train $145.3/t  test $114/t  (180 tr, 16.3/day, day-wr 64)

[NDX] regime coverage — PER-TRADE expectancy (OOS, est_test_trades>=10):
  gap_go        HMA  3m 3x9|IB w80|TP35 only  train $1090.3/t  test $676.4/t  (570 tr, 35.6/day, day-wr 75)
  gap_fade      HMA  2+3+5 3x9|IB w100|TP50 only  train $1508.5/t  test $1685.8/t  (569 tr, 29.9/day, day-wr 95)
  gap_chop      HMA  5m 3x9|IB w100|TP50 only  train $1235.8/t  test $1411.5/t  (683 tr, 29.7/day, day-wr 87)
  trend         DEMA 2+3+5 3x12|IB w100|TP35 only  train $372.8/t  test $1160.5/t  (177 tr, 16.1/day, day-wr 82)
  trend_vol     HMA  2+3+5 3x21|IB±50 w50|TP75 only  train $880.8/t  test $1471.5/t  (33 tr, 11.1/day, day-wr 100)
  chop          DEMA 2+3+5 3x21|IB w100|TP50 only  train $1721.3/t  test $1920.9/t  (79 tr, 11.2/day, day-wr 86)
  quiet_range   DEMA 2+3 3x21|IB w100|TP75 only  train $1524.4/t  test $1948.4/t  (91 tr, 15.1/day, day-wr 83)
  mixed         DEMA 2+3+5 3x12|IB w80|TP75 only  train $1642.2/t  test $1610.2/t  (186 tr, 15.5/day, day-wr 92)

playbook.json updated (v23). SPX: 8/8 regimes covered; uncovered=[] | NDX: 8/8 regimes covered; uncovered=[]
===== done 2026-07-04T06:32:59Z =====
===== playbook cycle 2026-07-05T06:30:01Z =====
SPX: classified 309/309 days → /home/ubuntu/SPXer/scripts/autoresearch/playbook/regimes-spx.json
Regime distribution:
  trend           58  (18.8%)
  gap_chop        46  (14.9%)
  gap_fade        45  (14.6%)
  gap_go          44  (14.2%)
  chop            36  (11.7%)
  mixed           34  (11.0%)
  quiet_range     29  (9.4%)
  trend_vol       17  (5.5%)
NDX: classified 311/311 days → /home/ubuntu/SPXer/scripts/autoresearch/playbook/regimes-ndx.json
Regime distribution:
  gap_chop        74  (23.8%)
  gap_fade        62  (19.9%)
  gap_go          51  (16.4%)
  mixed           38  (12.2%)
  trend           35  (11.3%)
  chop            22  (7.1%)
  quiet_range     19  (6.1%)
  trend_vol       10  (3.2%)

[SPX] regime coverage — PER-TRADE expectancy (OOS, est_test_trades>=10):
  gap_go        DEMA 2+3+5 3x21|IB w10|TP35 only  train $58.5/t  test $19.4/t  (169 tr, 12/day, day-wr 50)
  gap_fade      FLATFLY 10:00|IB w50|hold-to-settle  train $1101.7/t  test $833.3/t  (11 tr, 1/day, day-wr 55)
  gap_chop      TIME 30m|IB w100|hold-to-settle  train $375.2/t  test $866.1/t  (99 tr, 11/day, day-wr 89)
  trend         DEMA 2+3 3x21|IB w50|hold-to-settle  train $274.4/t  test $133.3/t  (297 tr, 16.5/day, day-wr 67)
  trend_vol     DEMA 5m 3x21|15ITM w10|hold-to-settle  train $60.3/t  test $171/t  (66 tr, 11/day, day-wr 83)
  chop          TIME 30m|IB w100|hold-to-settle  train $639.1/t  test $177.5/t  (88 tr, 11/day, day-wr 50)
  quiet_range   TIME 30m|IB w100|hold-to-settle  train $459.5/t  test $809.3/t  (44 tr, 11/day, day-wr 100)
  mixed         DEMA 2+3 3x21|IC 20w50|hold-to-settle  train $145.3/t  test $114/t  (180 tr, 16.3/day, day-wr 64)

[NDX] regime coverage — PER-TRADE expectancy (OOS, est_test_trades>=10):
  gap_go        HMA  3m 3x9|IB w80|TP35 only  train $1090.3/t  test $676.4/t  (570 tr, 35.6/day, day-wr 75)
  gap_fade      HMA  2+3+5 3x9|IB w100|TP50 only  train $1508.5/t  test $1685.8/t  (569 tr, 29.9/day, day-wr 95)
  gap_chop      HMA  5m 3x9|IB w100|TP50 only  train $1235.8/t  test $1411.5/t  (683 tr, 29.7/day, day-wr 87)
  trend         DEMA 2+3+5 3x12|IB w100|TP35 only  train $372.8/t  test $1160.5/t  (177 tr, 16.1/day, day-wr 82)
  trend_vol     HMA  2+3+5 3x21|IB±50 w50|TP75 only  train $880.8/t  test $1471.5/t  (33 tr, 11.1/day, day-wr 100)
  chop          DEMA 2+3+5 3x21|IB w100|TP50 only  train $1721.3/t  test $1920.9/t  (79 tr, 11.2/day, day-wr 86)
  quiet_range   DEMA 2+3 3x21|IB w100|TP75 only  train $1524.4/t  test $1948.4/t  (91 tr, 15.1/day, day-wr 83)
  mixed         DEMA 2+3+5 3x12|IB w80|TP75 only  train $1642.2/t  test $1610.2/t  (186 tr, 15.5/day, day-wr 92)

playbook.json updated (v24). SPX: 8/8 regimes covered; uncovered=[] | NDX: 8/8 regimes covered; uncovered=[]
===== done 2026-07-05T06:32:53Z =====
===== playbook cycle 2026-07-06T06:30:01Z =====
SPX: classified 309/309 days → /home/ubuntu/SPXer/scripts/autoresearch/playbook/regimes-spx.json
Regime distribution:
  trend           58  (18.8%)
  gap_chop        46  (14.9%)
  gap_fade        45  (14.6%)
  gap_go          44  (14.2%)
  chop            36  (11.7%)
  mixed           34  (11.0%)
  quiet_range     29  (9.4%)
  trend_vol       17  (5.5%)
NDX: classified 311/311 days → /home/ubuntu/SPXer/scripts/autoresearch/playbook/regimes-ndx.json
Regime distribution:
  gap_chop        74  (23.8%)
  gap_fade        62  (19.9%)
  gap_go          51  (16.4%)
  mixed           38  (12.2%)
  trend           35  (11.3%)
  chop            22  (7.1%)
  quiet_range     19  (6.1%)
  trend_vol       10  (3.2%)

[SPX] regime coverage — PER-TRADE expectancy (OOS, est_test_trades>=10):
  gap_go        DEMA 2+3+5 3x21|IB w10|TP35 only  train $58.5/t  test $19.4/t  (169 tr, 12/day, day-wr 50)
  gap_fade      FLATFLY 10:00|IB w50|hold-to-settle  train $1101.7/t  test $833.3/t  (11 tr, 1/day, day-wr 55)
  gap_chop      TIME 30m|IB w100|hold-to-settle  train $375.2/t  test $866.1/t  (99 tr, 11/day, day-wr 89)
  trend         DEMA 2+3 3x21|IB w50|hold-to-settle  train $274.4/t  test $133.3/t  (297 tr, 16.5/day, day-wr 67)
  trend_vol     DEMA 5m 3x21|15ITM w10|hold-to-settle  train $60.3/t  test $171/t  (66 tr, 11/day, day-wr 83)
  chop          TIME 30m|IB w100|hold-to-settle  train $639.1/t  test $177.5/t  (88 tr, 11/day, day-wr 50)
  quiet_range   TIME 30m|IB w100|hold-to-settle  train $459.5/t  test $809.3/t  (44 tr, 11/day, day-wr 100)
  mixed         DEMA 2+3 3x21|IC 20w50|hold-to-settle  train $145.3/t  test $114/t  (180 tr, 16.3/day, day-wr 64)

[NDX] regime coverage — PER-TRADE expectancy (OOS, est_test_trades>=10):
  gap_go        HMA  3m 3x9|IB w80|TP35 only  train $1090.3/t  test $676.4/t  (570 tr, 35.6/day, day-wr 75)
  gap_fade      HMA  2+3+5 3x9|IB w100|TP50 only  train $1508.5/t  test $1685.8/t  (569 tr, 29.9/day, day-wr 95)
  gap_chop      HMA  5m 3x9|IB w100|TP50 only  train $1235.8/t  test $1411.5/t  (683 tr, 29.7/day, day-wr 87)
  trend         DEMA 2+3+5 3x12|IB w100|TP35 only  train $372.8/t  test $1160.5/t  (177 tr, 16.1/day, day-wr 82)
  trend_vol     HMA  2+3+5 3x21|IB±50 w50|TP75 only  train $880.8/t  test $1471.5/t  (33 tr, 11.1/day, day-wr 100)
  chop          DEMA 2+3+5 3x21|IB w100|TP50 only  train $1721.3/t  test $1920.9/t  (79 tr, 11.2/day, day-wr 86)
  quiet_range   DEMA 2+3 3x21|IB w100|TP75 only  train $1524.4/t  test $1948.4/t  (91 tr, 15.1/day, day-wr 83)
  mixed         DEMA 2+3+5 3x12|IB w80|TP75 only  train $1642.2/t  test $1610.2/t  (186 tr, 15.5/day, day-wr 92)

playbook.json updated (v25). SPX: 8/8 regimes covered; uncovered=[] | NDX: 8/8 regimes covered; uncovered=[]
===== done 2026-07-06T06:32:52Z =====
===== playbook cycle 2026-07-07T06:30:01Z =====
SPX: classified 310/310 days → /home/ubuntu/SPXer/scripts/autoresearch/playbook/regimes-spx.json
Regime distribution:
  trend           58  (18.7%)
  gap_chop        46  (14.8%)
  gap_fade        45  (14.5%)
  gap_go          45  (14.5%)
  chop            36  (11.6%)
  mixed           34  (11.0%)
  quiet_range     29  (9.4%)
  trend_vol       17  (5.5%)
NDX: classified 312/312 days → /home/ubuntu/SPXer/scripts/autoresearch/playbook/regimes-ndx.json
Regime distribution:
  gap_chop        75  (24.0%)
  gap_fade        62  (19.9%)
  gap_go          51  (16.3%)
  mixed           38  (12.2%)
  trend           35  (11.2%)
  chop            22  (7.1%)
  quiet_range     19  (6.1%)
  trend_vol       10  (3.2%)

[SPX] regime coverage — PER-TRADE expectancy (OOS, est_test_trades>=10):
  gap_go        DEMA 2+3+5 3x21|IB w10|TP35 only  train $48.9/t  test $31.6/t  (168 tr, 12/day, day-wr 50)
  gap_fade      FLATFLY 10:00|IB w50|hold-to-settle  train $1101.7/t  test $833.3/t  (11 tr, 1/day, day-wr 55)
  gap_chop      TIME 30m|IB w100|hold-to-settle  train $375.2/t  test $866.1/t  (99 tr, 11/day, day-wr 89)
  trend         DEMA 2+3 3x21|IB w50|hold-to-settle  train $274.5/t  test $133.3/t  (297 tr, 16.5/day, day-wr 67)
  trend_vol     DEMA 5m 3x21|15ITM w10|hold-to-settle  train $60.5/t  test $171.4/t  (66 tr, 10.9/day, day-wr 83)
  chop          TIME 30m|IB w100|hold-to-settle  train $639.1/t  test $177.5/t  (88 tr, 11/day, day-wr 50)
  quiet_range   TIME 30m|IB w100|hold-to-settle  train $459.5/t  test $809.3/t  (44 tr, 11/day, day-wr 100)
  mixed         DEMA 2+3 3x21|IC 20w50|hold-to-settle  train $145.4/t  test $114.1/t  (179 tr, 16.3/day, day-wr 64)

[NDX] regime coverage — PER-TRADE expectancy (OOS, est_test_trades>=10):
  gap_go        HMA  3m 3x9|IB w80|TP35 only  train $1090.4/t  test $676.5/t  (570 tr, 35.6/day, day-wr 75)
  gap_fade      HMA  2+3+5 3x9|IB w100|TP50 only  train $1508.9/t  test $1686.3/t  (568 tr, 29.9/day, day-wr 95)
  gap_chop      HMA  5m 3x9|IB w100|TP50 only  train $1224.8/t  test $1462.3/t  (683 tr, 29.7/day, day-wr 87)
  trend         DEMA 2+3+5 3x12|IB w100|TP35 only  train $373/t  test $1161.2/t  (177 tr, 16.1/day, day-wr 82)
  trend_vol     HMA  2+3+5 3x21|IB±50 w50|TP75 only  train $879.3/t  test $1469/t  (33 tr, 11.1/day, day-wr 100)
  chop          DEMA 2+3+5 3x21|IB w100|TP50 only  train $1725.9/t  test $1926/t  (79 tr, 11.2/day, day-wr 86)
  quiet_range   DEMA 2+3 3x21|IB w100|TP75 only  train $1526.4/t  test $1950.9/t  (91 tr, 15.1/day, day-wr 83)
  mixed         DEMA 2+3+5 3x12|IB w80|TP75 only  train $1643/t  test $1611/t  (185 tr, 15.5/day, day-wr 92)

playbook.json updated (v26). SPX: 8/8 regimes covered; uncovered=[] | NDX: 8/8 regimes covered; uncovered=[]
===== done 2026-07-07T06:33:05Z =====
===== playbook cycle 2026-07-08T06:30:01Z =====
SPX: classified 311/311 days → /home/ubuntu/SPXer/scripts/autoresearch/playbook/regimes-spx.json
Regime distribution:
  trend           58  (18.6%)
  gap_chop        46  (14.8%)
  gap_fade        45  (14.5%)
  gap_go          45  (14.5%)
  chop            37  (11.9%)
  mixed           34  (10.9%)
  quiet_range     29  (9.3%)
  trend_vol       17  (5.5%)
NDX: classified 313/313 days → /home/ubuntu/SPXer/scripts/autoresearch/playbook/regimes-ndx.json
Regime distribution:
  gap_chop        76  (24.3%)
  gap_fade        62  (19.8%)
  gap_go          51  (16.3%)
  mixed           38  (12.1%)
  trend           35  (11.2%)
  chop            22  (7.0%)
  quiet_range     19  (6.1%)
  trend_vol       10  (3.2%)

[SPX] regime coverage — PER-TRADE expectancy (OOS, est_test_trades>=10):
  gap_go        DEMA 2+3+5 3x21|IB w10|TP35 only  train $49/t  test $31.7/t  (168 tr, 12/day, day-wr 50)
  gap_fade      FLATFLY 10:00|IB w50|hold-to-settle  train $1101.7/t  test $833.3/t  (11 tr, 1/day, day-wr 55)
  gap_chop      TIME 30m|IB w100|hold-to-settle  train $375.2/t  test $866.1/t  (99 tr, 11/day, day-wr 89)
  trend         DEMA 2+3 3x21|IB w50|hold-to-settle  train $274.9/t  test $133.5/t  (296 tr, 16.5/day, day-wr 67)
  trend_vol     DEMA 5m 3x21|15ITM w10|hold-to-settle  train $60.6/t  test $171.7/t  (66 tr, 10.9/day, day-wr 83)
  chop          TIME 30m|IB w100|hold-to-settle  train $639.1/t  test $177.5/t  (88 tr, 11/day, day-wr 50)
  quiet_range   TIME 30m|IB w100|hold-to-settle  train $459.5/t  test $809.3/t  (44 tr, 11/day, day-wr 100)
  mixed         DEMA 2+3 3x21|IC 20w50|hold-to-settle  train $145.6/t  test $114.2/t  (179 tr, 16.3/day, day-wr 64)

[NDX] regime coverage — PER-TRADE expectancy (OOS, est_test_trades>=10):
  gap_go        HMA  3m 3x9|IB w80|TP35 only  train $1089.9/t  test $676.2/t  (570 tr, 35.6/day, day-wr 75)
  gap_fade      HMA  2+3+5 3x9|IB w100|TP50 only  train $1508.6/t  test $1686/t  (569 tr, 29.9/day, day-wr 95)
  gap_chop      HMA  5m 3x9|IB w100|TP50 only  train $1258/t  test $1279.1/t  (684 tr, 29.7/day, day-wr 83)
  trend         DEMA 2+3+5 3x12|IB w100|TP35 only  train $373.2/t  test $1161.9/t  (177 tr, 16.1/day, day-wr 82)
  trend_vol     HMA  2+3+5 3x21|IB±50 w50|TP75 only  train $876.5/t  test $1464.4/t  (34 tr, 11.2/day, day-wr 100)
  chop          DEMA 2+3+5 3x21|IB w100|TP50 only  train $1729.5/t  test $1930/t  (78 tr, 11.2/day, day-wr 86)
  quiet_range   DEMA 2+3 3x21|IB w100|TP75 only  train $1529/t  test $1954.3/t  (91 tr, 15.1/day, day-wr 83)
  mixed         DEMA 2+3+5 3x12|IB w80|TP75 only  train $1643.9/t  test $1611.8/t  (185 tr, 15.4/day, day-wr 92)

playbook.json updated (v27). SPX: 8/8 regimes covered; uncovered=[] | NDX: 8/8 regimes covered; uncovered=[]
===== done 2026-07-08T06:33:16Z =====
===== playbook cycle 2026-07-09T06:30:01Z =====
SPX: classified 312/312 days → /home/ubuntu/SPXer/scripts/autoresearch/playbook/regimes-spx.json
Regime distribution:
  trend           58  (18.6%)
  gap_chop        46  (14.7%)
  gap_fade        45  (14.4%)
  gap_go          45  (14.4%)
  chop            38  (12.2%)
  mixed           34  (10.9%)
  quiet_range     29  (9.3%)
  trend_vol       17  (5.4%)
NDX: classified 314/314 days → /home/ubuntu/SPXer/scripts/autoresearch/playbook/regimes-ndx.json
Regime distribution:
  gap_chop        76  (24.2%)
  gap_fade        63  (20.1%)
  gap_go          51  (16.2%)
  mixed           38  (12.1%)
  trend           35  (11.1%)
  chop            22  (7.0%)
  quiet_range     19  (6.1%)
  trend_vol       10  (3.2%)

[SPX] regime coverage — PER-TRADE expectancy (OOS, est_test_trades>=10):
  gap_go        DEMA 2+3+5 3x21|IB w10|TP35 only  train $49/t  test $31.7/t  (168 tr, 12/day, day-wr 50)
  gap_fade      FLATFLY 10:00|IB w50|hold-to-settle  train $1101.7/t  test $833.3/t  (11 tr, 1/day, day-wr 55)
  gap_chop      TIME 30m|IB w100|hold-to-settle  train $375.2/t  test $866.1/t  (99 tr, 11/day, day-wr 89)
  trend         DEMA 2+3 3x21|IB w50|hold-to-settle  train $274.7/t  test $133.5/t  (296 tr, 16.5/day, day-wr 67)
  trend_vol     DEMA 5m 3x21|15ITM w10|hold-to-settle  train $60.6/t  test $171.8/t  (66 tr, 10.9/day, day-wr 83)
  chop          TIME 15m|IB w100|hold-to-settle  train $571.6/t  test $276.3/t  (154 tr, 22/day, day-wr 57)
  quiet_range   TIME 30m|IB w100|hold-to-settle  train $459.5/t  test $809.3/t  (44 tr, 11/day, day-wr 100)
  mixed         DEMA 2+3 3x21|IC 20w50|hold-to-settle  train $145.5/t  test $114.2/t  (179 tr, 16.3/day, day-wr 64)

[NDX] regime coverage — PER-TRADE expectancy (OOS, est_test_trades>=10):
  gap_go        HMA  3m 3x9|IB w80|TP35 only  train $1089.9/t  test $676.2/t  (570 tr, 35.6/day, day-wr 75)
  gap_fade      HMA  2+3 3x9|IB w100|TP50 only  train $1462/t  test $1745.6/t  (706 tr, 37.1/day, day-wr 95)
  gap_chop      HMA  5m 3x9|IB w100|TP50 only  train $1258/t  test $1279.1/t  (684 tr, 29.7/day, day-wr 83)
  trend         DEMA 2+3+5 3x12|IB w100|TP35 only  train $373.2/t  test $1161.9/t  (177 tr, 16.1/day, day-wr 82)
  trend_vol     HMA  2+3+5 3x21|IB±50 w50|TP75 only  train $874.1/t  test $1460.3/t  (34 tr, 11.2/day, day-wr 100)
  chop          DEMA 2+3+5 3x21|IB w100|TP50 only  train $1729.6/t  test $1930.1/t  (78 tr, 11.2/day, day-wr 86)
  quiet_range   DEMA 2+3 3x21|IB w100|TP75 only  train $1527.7/t  test $1952.7/t  (91 tr, 15.1/day, day-wr 83)
  mixed         DEMA 2+3+5 3x12|IB w80|TP75 only  train $1643.7/t  test $1611.6/t  (185 tr, 15.4/day, day-wr 92)

playbook.json updated (v28). SPX: 8/8 regimes covered; uncovered=[] | NDX: 8/8 regimes covered; uncovered=[]
===== done 2026-07-09T06:33:28Z =====
===== playbook cycle 2026-07-10T06:30:01Z =====
SPX: classified 313/313 days → /home/ubuntu/SPXer/scripts/autoresearch/playbook/regimes-spx.json
Regime distribution:
  trend           59  (18.8%)
  gap_chop        46  (14.7%)
  gap_fade        45  (14.4%)
  gap_go          45  (14.4%)
  chop            38  (12.1%)
  mixed           34  (10.9%)
  quiet_range     29  (9.3%)
  trend_vol       17  (5.4%)
npm notice
npm notice New major version of npm available! 10.9.4 -> 12.0.0
npm notice Changelog: https://github.com/npm/cli/releases/tag/v12.0.0
npm notice To update run: npm install -g npm@12.0.0
npm notice
NDX: classified 315/315 days → /home/ubuntu/SPXer/scripts/autoresearch/playbook/regimes-ndx.json
Regime distribution:
  gap_chop        77  (24.4%)
  gap_fade        63  (20.0%)
  gap_go          51  (16.2%)
  mixed           38  (12.1%)
  trend           35  (11.1%)
  chop            22  (7.0%)
  quiet_range     19  (6.0%)
  trend_vol       10  (3.2%)

[SPX] regime coverage — PER-TRADE expectancy (OOS, est_test_trades>=10):
  gap_go        DEMA 2+3+5 3x21|IB w10|TP35 only  train $49/t  test $31.7/t  (168 tr, 12/day, day-wr 50)
  gap_fade      DEMA 2+3+5 3x12|IB w50|TP75 only  train $256.8/t  test $430.1/t  (246 tr, 17.6/day, day-wr 71)
  gap_chop      DEMA 2m 3x9|IC 15w50|hold-to-settle  train $223.7/t  test $618.2/t  (412 tr, 29.5/day, day-wr 100)
  trend         DEMA 2+3 3x21|IB w50|hold-to-settle  train $274/t  test $119/t  (296 tr, 16.5/day, day-wr 61)
  trend_vol     DEMA 5m 3x21|15ITM w10|hold-to-settle  train $60.6/t  test $171.8/t  (66 tr, 10.9/day, day-wr 83)
  chop          HMA  3m 3x9|IC 10w50|hold-to-settle  train $366.9/t  test $230/t  (474 tr, 39.5/day, day-wr 67)
  quiet_range   DEMA 2+3+5 3x21|IB w50|hold-to-settle  train $446.2/t  test $708/t  (111 tr, 12.3/day, day-wr 89)
  mixed         DEMA 2+3 3x21|IC 20w50|hold-to-settle  train $145.5/t  test $114.2/t  (179 tr, 16.3/day, day-wr 64)

[NDX] regime coverage — PER-TRADE expectancy (OOS, est_test_trades>=10):
  gap_go        HMA  3m 3x9|IB w80|TP35 only  train $1089.4/t  test $675.8/t  (570 tr, 35.6/day, day-wr 75)
  gap_fade      HMA  2+3 3x9|IB w100|TP50 only  train $1462.2/t  test $1745.9/t  (705 tr, 37.1/day, day-wr 95)
  gap_chop      HMA  5m 3x9|IB w100|TP50 only  train $1257.4/t  test $1438.7/t  (714 tr, 29.7/day, day-wr 83)
  trend         DEMA 2+3+5 3x12|IB w100|TP35 only  train $373.2/t  test $1161.9/t  (177 tr, 16.1/day, day-wr 82)
  trend_vol     HMA  2+3+5 3x21|IB±50 w50|TP75 only  train $872.6/t  test $1457.9/t  (34 tr, 11.2/day, day-wr 100)
  chop          DEMA 2+3+5 3x21|IB w100|TP50 only  train $1733.6/t  test $1934.6/t  (78 tr, 11.2/day, day-wr 86)
  quiet_range   DEMA 2+3 3x21|IB w100|TP75 only  train $1528.1/t  test $1953.1/t  (91 tr, 15.1/day, day-wr 83)
  mixed         DEMA 2+3+5 3x12|IB w80|TP75 only  train $1643.5/t  test $1611.5/t  (185 tr, 15.4/day, day-wr 92)

playbook.json updated (v29). SPX: 8/8 regimes covered; uncovered=[] | NDX: 8/8 regimes covered; uncovered=[]
===== done 2026-07-10T06:33:34Z =====
===== playbook cycle 2026-07-11T06:30:01Z =====
SPX: classified 314/314 days → /home/ubuntu/SPXer/scripts/autoresearch/playbook/regimes-spx.json
Regime distribution:
  trend           59  (18.8%)
  gap_chop        46  (14.6%)
  gap_fade        45  (14.3%)
  gap_go          45  (14.3%)
  chop            38  (12.1%)
  mixed           35  (11.1%)
  quiet_range     29  (9.2%)
  trend_vol       17  (5.4%)
NDX: classified 316/316 days → /home/ubuntu/SPXer/scripts/autoresearch/playbook/regimes-ndx.json
Regime distribution:
  gap_chop        77  (24.4%)
  gap_fade        63  (19.9%)
  gap_go          51  (16.1%)
  mixed           38  (12.0%)
  trend           35  (11.1%)
  chop            22  (7.0%)
  quiet_range     19  (6.0%)
  trend_vol       11  (3.5%)

[SPX] regime coverage — PER-TRADE expectancy (OOS, est_test_trades>=10):
  gap_go        DEMA 2+3+5 3x21|IB w10|TP35 only  train $48.9/t  test $31.6/t  (168 tr, 12/day, day-wr 50)
  gap_fade      DEMA 2+3+5 3x12|IB w50|TP75 only  train $256.7/t  test $429.9/t  (246 tr, 17.6/day, day-wr 71)
  gap_chop      DEMA 2m 3x9|IC 15w50|hold-to-settle  train $223.7/t  test $618/t  (413 tr, 29.5/day, day-wr 100)
  trend         DEMA 2+3 3x21|IB w50|hold-to-settle  train $273.4/t  test $118.8/t  (297 tr, 16.5/day, day-wr 61)
  trend_vol     DEMA 5m 3x21|15ITM w10|hold-to-settle  train $60.6/t  test $171.7/t  (66 tr, 10.9/day, day-wr 83)
  chop          HMA  3m 3x9|IC 10w50|hold-to-settle  train $366.9/t  test $230/t  (474 tr, 39.5/day, day-wr 67)
  quiet_range   DEMA 2+3+5 3x21|IB w50|hold-to-settle  train $445.3/t  test $706.6/t  (111 tr, 12.3/day, day-wr 89)
  mixed         DEMA 2+3+5 3x12|IB±25 w25|hold-to-settle  train $9.3/t  test $137.2/t  (190 tr, 17.3/day, day-wr 73)

[NDX] regime coverage — PER-TRADE expectancy (OOS, est_test_trades>=10):
  gap_go        HMA  3m 3x9|IB w80|TP35 only  train $1089.3/t  test $675.8/t  (570 tr, 35.6/day, day-wr 75)
  gap_fade      HMA  2+3 3x9|IB w100|TP50 only  train $1462.1/t  test $1745.8/t  (706 tr, 37.1/day, day-wr 95)
  gap_chop      HMA  5m 3x9|IB w100|TP50 only  train $1257.4/t  test $1438.6/t  (714 tr, 29.7/day, day-wr 83)
  trend         DEMA 2+3+5 3x12|IB w100|TP35 only  train $373.3/t  test $1162.2/t  (177 tr, 16.1/day, day-wr 82)
  trend_vol     HMA  1m 3x12|IB w80|TP50 only  train $803.6/t  test $1332.6/t  (188 tr, 47.1/day, day-wr 100)
  chop          DEMA 2+3+5 3x21|IB w100|TP50 only  train $1731.2/t  test $1931.9/t  (78 tr, 11.2/day, day-wr 86)
  quiet_range   DEMA 2+3 3x21|IB w100|TP75 only  train $1527.8/t  test $1952.8/t  (91 tr, 15.1/day, day-wr 83)
  mixed         DEMA 2+3+5 3x12|IB w80|TP75 only  train $1643.6/t  test $1611.6/t  (185 tr, 15.4/day, day-wr 92)

playbook.json updated (v30). SPX: 8/8 regimes covered; uncovered=[] | NDX: 8/8 regimes covered; uncovered=[]
===== done 2026-07-11T06:33:41Z =====
===== playbook cycle 2026-07-12T06:30:01Z =====
SPX: classified 314/314 days → /home/ubuntu/SPXer/scripts/autoresearch/playbook/regimes-spx.json
Regime distribution:
  trend           59  (18.8%)
  gap_chop        46  (14.6%)
  gap_fade        45  (14.3%)
  gap_go          45  (14.3%)
  chop            38  (12.1%)
  mixed           35  (11.1%)
  quiet_range     29  (9.2%)
  trend_vol       17  (5.4%)
NDX: classified 316/316 days → /home/ubuntu/SPXer/scripts/autoresearch/playbook/regimes-ndx.json
Regime distribution:
  gap_chop        77  (24.4%)
  gap_fade        63  (19.9%)
  gap_go          51  (16.1%)
  mixed           38  (12.0%)
  trend           35  (11.1%)
  chop            22  (7.0%)
  quiet_range     19  (6.0%)
  trend_vol       11  (3.5%)

[SPX] regime coverage — PER-TRADE expectancy (OOS, est_test_trades>=10):
  gap_go        DEMA 2+3+5 3x21|IB w10|TP35 only  train $48.9/t  test $31.6/t  (168 tr, 12/day, day-wr 50)
  gap_fade      DEMA 2+3+5 3x12|IB w50|TP75 only  train $256.7/t  test $429.9/t  (246 tr, 17.6/day, day-wr 71)
  gap_chop      DEMA 2m 3x9|IC 15w50|hold-to-settle  train $223.7/t  test $618/t  (413 tr, 29.5/day, day-wr 100)
  trend         DEMA 2+3 3x21|IB w50|hold-to-settle  train $273.4/t  test $118.8/t  (297 tr, 16.5/day, day-wr 61)
  trend_vol     DEMA 5m 3x21|15ITM w10|hold-to-settle  train $60.6/t  test $171.7/t  (66 tr, 10.9/day, day-wr 83)
  chop          HMA  3m 3x9|IC 10w50|hold-to-settle  train $366.9/t  test $230/t  (474 tr, 39.5/day, day-wr 67)
  quiet_range   DEMA 2+3+5 3x21|IB w50|hold-to-settle  train $445.3/t  test $706.6/t  (111 tr, 12.3/day, day-wr 89)
  mixed         DEMA 2+3+5 3x12|IB±25 w25|hold-to-settle  train $9.3/t  test $137.2/t  (190 tr, 17.3/day, day-wr 73)

[NDX] regime coverage — PER-TRADE expectancy (OOS, est_test_trades>=10):
  gap_go        HMA  3m 3x9|IB w80|TP35 only  train $1089.3/t  test $675.8/t  (570 tr, 35.6/day, day-wr 75)
  gap_fade      HMA  2+3 3x9|IB w100|TP50 only  train $1462.1/t  test $1745.8/t  (706 tr, 37.1/day, day-wr 95)
  gap_chop      HMA  5m 3x9|IB w100|TP50 only  train $1257.4/t  test $1438.6/t  (714 tr, 29.7/day, day-wr 83)
  trend         DEMA 2+3+5 3x12|IB w100|TP35 only  train $373.3/t  test $1162.2/t  (177 tr, 16.1/day, day-wr 82)
  trend_vol     HMA  1m 3x12|IB w80|TP50 only  train $803.6/t  test $1332.6/t  (188 tr, 47.1/day, day-wr 100)
  chop          DEMA 2+3+5 3x21|IB w100|TP50 only  train $1731.2/t  test $1931.9/t  (78 tr, 11.2/day, day-wr 86)
  quiet_range   DEMA 2+3 3x21|IB w100|TP75 only  train $1527.8/t  test $1952.8/t  (91 tr, 15.1/day, day-wr 83)
  mixed         DEMA 2+3+5 3x12|IB w80|TP75 only  train $1643.6/t  test $1611.6/t  (185 tr, 15.4/day, day-wr 92)

playbook.json updated (v31). SPX: 8/8 regimes covered; uncovered=[] | NDX: 8/8 regimes covered; uncovered=[]
===== done 2026-07-12T06:33:42Z =====
===== playbook cycle 2026-07-13T06:30:01Z =====
SPX: classified 314/314 days → /home/ubuntu/SPXer/scripts/autoresearch/playbook/regimes-spx.json
Regime distribution:
  trend           59  (18.8%)
  gap_chop        46  (14.6%)
  gap_fade        45  (14.3%)
  gap_go          45  (14.3%)
  chop            38  (12.1%)
  mixed           35  (11.1%)
  quiet_range     29  (9.2%)
  trend_vol       17  (5.4%)
NDX: classified 316/316 days → /home/ubuntu/SPXer/scripts/autoresearch/playbook/regimes-ndx.json
Regime distribution:
  gap_chop        77  (24.4%)
  gap_fade        63  (19.9%)
  gap_go          51  (16.1%)
  mixed           38  (12.0%)
  trend           35  (11.1%)
  chop            22  (7.0%)
  quiet_range     19  (6.0%)
  trend_vol       11  (3.5%)

[SPX] regime coverage — PER-TRADE expectancy (OOS, est_test_trades>=10):
  gap_go        DEMA 2+3+5 3x21|IB w10|TP35 only  train $48.9/t  test $31.6/t  (168 tr, 12/day, day-wr 50)
  gap_fade      DEMA 2+3+5 3x12|IB w50|TP75 only  train $256.7/t  test $429.9/t  (246 tr, 17.6/day, day-wr 71)
  gap_chop      DEMA 2m 3x9|IC 15w50|hold-to-settle  train $223.7/t  test $618/t  (413 tr, 29.5/day, day-wr 100)
  trend         DEMA 2+3 3x21|IB w50|hold-to-settle  train $273.4/t  test $118.8/t  (297 tr, 16.5/day, day-wr 61)
  trend_vol     DEMA 5m 3x21|15ITM w10|hold-to-settle  train $60.6/t  test $171.7/t  (66 tr, 10.9/day, day-wr 83)
  chop          HMA  3m 3x9|IC 10w50|hold-to-settle  train $366.9/t  test $230/t  (474 tr, 39.5/day, day-wr 67)
  quiet_range   DEMA 2+3+5 3x21|IB w50|hold-to-settle  train $445.3/t  test $706.6/t  (111 tr, 12.3/day, day-wr 89)
  mixed         DEMA 2+3+5 3x12|IB±25 w25|hold-to-settle  train $9.3/t  test $137.2/t  (190 tr, 17.3/day, day-wr 73)

[NDX] regime coverage — PER-TRADE expectancy (OOS, est_test_trades>=10):
  gap_go        HMA  3m 3x9|IB w80|TP35 only  train $1089.3/t  test $675.8/t  (570 tr, 35.6/day, day-wr 75)
  gap_fade      HMA  2+3 3x9|IB w100|TP50 only  train $1462.1/t  test $1745.8/t  (706 tr, 37.1/day, day-wr 95)
  gap_chop      HMA  5m 3x9|IB w100|TP50 only  train $1257.4/t  test $1438.6/t  (714 tr, 29.7/day, day-wr 83)
  trend         DEMA 2+3+5 3x12|IB w100|TP35 only  train $373.3/t  test $1162.2/t  (177 tr, 16.1/day, day-wr 82)
  trend_vol     HMA  1m 3x12|IB w80|TP50 only  train $803.6/t  test $1332.6/t  (188 tr, 47.1/day, day-wr 100)
  chop          DEMA 2+3+5 3x21|IB w100|TP50 only  train $1731.2/t  test $1931.9/t  (78 tr, 11.2/day, day-wr 86)
  quiet_range   DEMA 2+3 3x21|IB w100|TP75 only  train $1527.8/t  test $1952.8/t  (91 tr, 15.1/day, day-wr 83)
  mixed         DEMA 2+3+5 3x12|IB w80|TP75 only  train $1643.6/t  test $1611.6/t  (185 tr, 15.4/day, day-wr 92)

playbook.json updated (v32). SPX: 8/8 regimes covered; uncovered=[] | NDX: 8/8 regimes covered; uncovered=[]
===== done 2026-07-13T06:33:44Z =====
===== playbook cycle 2026-07-14T06:30:01Z =====
SPX: classified 315/315 days → /home/ubuntu/SPXer/scripts/autoresearch/playbook/regimes-spx.json
Regime distribution:
  trend           60  (19.0%)
  gap_chop        46  (14.6%)
  gap_fade        45  (14.3%)
  gap_go          45  (14.3%)
  chop            38  (12.1%)
  mixed           35  (11.1%)
  quiet_range     29  (9.2%)
  trend_vol       17  (5.4%)
NDX: classified 317/317 days → /home/ubuntu/SPXer/scripts/autoresearch/playbook/regimes-ndx.json
Regime distribution:
  gap_chop        77  (24.3%)
  gap_fade        63  (19.9%)
  gap_go          52  (16.4%)
  mixed           38  (12.0%)
  trend           35  (11.0%)
  chop            22  (6.9%)
  quiet_range     19  (6.0%)
  trend_vol       11  (3.5%)

[SPX] regime coverage — PER-TRADE expectancy (OOS, est_test_trades>=10):
  gap_go        DEMA 2+3+5 3x21|IB w10|TP35 only  train $48.8/t  test $31.5/t  (169 tr, 12.1/day, day-wr 50)
  gap_fade      DEMA 2+3+5 3x12|IB w50|TP75 only  train $256.5/t  test $429.7/t  (246 tr, 17.6/day, day-wr 71)
  gap_chop      DEMA 2m 3x9|IC 15w50|hold-to-settle  train $223.6/t  test $617.8/t  (413 tr, 29.5/day, day-wr 100)
  trend         HMA  3m 3x9|IC 20w50|hold-to-settle  train $115.1/t  test $65.1/t  (705 tr, 39.2/day, day-wr 78)
  trend_vol     DEMA 5m 3x21|15ITM w10|hold-to-settle  train $60.5/t  test $171.4/t  (66 tr, 10.9/day, day-wr 83)
  chop          HMA  3m 3x9|IC 10w50|hold-to-settle  train $366.8/t  test $230/t  (474 tr, 39.5/day, day-wr 67)
  quiet_range   DEMA 2+3+5 3x21|IB w50|hold-to-settle  train $444.2/t  test $704.9/t  (111 tr, 12.3/day, day-wr 89)
  mixed         DEMA 2+3+5 3x12|IB±25 w25|hold-to-settle  train $9.3/t  test $137.1/t  (190 tr, 17.3/day, day-wr 73)

[NDX] regime coverage — PER-TRADE expectancy (OOS, est_test_trades>=10):
  gap_go        DEMA 2+3+5 3x12|IB w100|TP35 only  train $1031.5/t  test $836.3/t  (257 tr, 16/day, day-wr 81)
  gap_fade      HMA  2+3 3x9|IB w100|TP50 only  train $1461.6/t  test $1745.2/t  (706 tr, 37.1/day, day-wr 95)
  gap_chop      HMA  5m 3x9|IB w100|TP50 only  train $1256.8/t  test $1438/t  (714 tr, 29.7/day, day-wr 83)
  trend         DEMA 2+3+5 3x12|IB w100|TP35 only  train $373.6/t  test $1162.9/t  (177 tr, 16/day, day-wr 82)
  trend_vol     HMA  1m 3x12|IB w80|TP50 only  train $803.6/t  test $1332.7/t  (188 tr, 47.1/day, day-wr 100)
  chop          DEMA 2+3+5 3x21|IB w100|TP50 only  train $1729.9/t  test $1930.4/t  (78 tr, 11.2/day, day-wr 86)
  quiet_range   DEMA 2+3 3x21|IB w100|TP75 only  train $1527.5/t  test $1952.4/t  (91 tr, 15.1/day, day-wr 83)
  mixed         DEMA 2+3+5 3x12|IB w80|TP75 only  train $1644.5/t  test $1612.4/t  (185 tr, 15.4/day, day-wr 92)

playbook.json updated (v33). SPX: 8/8 regimes covered; uncovered=[] | NDX: 8/8 regimes covered; uncovered=[]
===== done 2026-07-14T06:33:51Z =====
===== playbook cycle 2026-07-15T06:30:01Z =====
SPX: classified 316/316 days → /home/ubuntu/SPXer/scripts/autoresearch/playbook/regimes-spx.json
Regime distribution:
  trend           60  (19.0%)
  gap_chop        46  (14.6%)
  gap_fade        45  (14.2%)
  gap_go          45  (14.2%)
  chop            39  (12.3%)
  mixed           35  (11.1%)
  quiet_range     29  (9.2%)
  trend_vol       17  (5.4%)
NDX: classified 318/318 days → /home/ubuntu/SPXer/scripts/autoresearch/playbook/regimes-ndx.json
Regime distribution:
  gap_chop        78  (24.5%)
  gap_fade        63  (19.8%)
  gap_go          52  (16.4%)
  mixed           38  (11.9%)
  trend           35  (11.0%)
  chop            22  (6.9%)
  quiet_range     19  (6.0%)
  trend_vol       11  (3.5%)

[SPX] regime coverage — PER-TRADE expectancy (OOS, est_test_trades>=10):
  gap_go        DEMA 2+3+5 3x21|IB w10|TP35 only  train $48.7/t  test $31.5/t  (169 tr, 12.1/day, day-wr 50)
  gap_fade      DEMA 2+3+5 3x12|IB w50|TP75 only  train $256.5/t  test $429.6/t  (246 tr, 17.6/day, day-wr 71)
  gap_chop      DEMA 2m 3x9|IC 15w50|hold-to-settle  train $223.6/t  test $618/t  (413 tr, 29.5/day, day-wr 100)
  trend         HMA  3m 3x9|IC 20w50|hold-to-settle  train $115/t  test $65.1/t  (705 tr, 39.2/day, day-wr 78)
  trend_vol     DEMA 5m 3x21|15ITM w10|hold-to-settle  train $60.4/t  test $171.2/t  (66 tr, 11/day, day-wr 83)
  chop          HMA  3m 3x9|IB w50|hold-to-settle  train $366.3/t  test $262.5/t  (476 tr, 39.7/day, day-wr 67)
  quiet_range   DEMA 2+3+5 3x21|IB w50|hold-to-settle  train $443.9/t  test $704.4/t  (111 tr, 12.3/day, day-wr 89)
  mixed         DEMA 2+3+5 3x12|IB±25 w25|hold-to-settle  train $9.3/t  test $137.1/t  (190 tr, 17.3/day, day-wr 73)

[NDX] regime coverage — PER-TRADE expectancy (OOS, est_test_trades>=10):
  gap_go        DEMA 2+3+5 3x12|IB w100|TP35 only  train $1031.3/t  test $836.1/t  (257 tr, 16.1/day, day-wr 81)
  gap_fade      HMA  2+3 3x9|IB w100|TP50 only  train $1461.3/t  test $1744.8/t  (706 tr, 37.2/day, day-wr 95)
  gap_chop      DEMA 1m 3x12|IB w100|TP50 only  train $1337/t  test $1391.7/t  (873 tr, 36.4/day, day-wr 88)
  trend         DEMA 2+3+5 3x12|IB w100|TP35 only  train $373.5/t  test $1162.6/t  (177 tr, 16.1/day, day-wr 82)
  trend_vol     HMA  1m 3x12|IB w80|TP50 only  train $803.9/t  test $1333.1/t  (188 tr, 47.1/day, day-wr 100)
  chop          DEMA 2+3+5 3x21|IB w100|TP50 only  train $1729/t  test $1929.4/t  (78 tr, 11.2/day, day-wr 86)
  quiet_range   DEMA 2+3 3x21|IB w100|TP75 only  train $1527.5/t  test $1952.4/t  (91 tr, 15.1/day, day-wr 83)
  mixed         DEMA 2+3+5 3x12|IB w80|TP75 only  train $1643.9/t  test $1611.9/t  (185 tr, 15.4/day, day-wr 92)

playbook.json updated (v34). SPX: 8/8 regimes covered; uncovered=[] | NDX: 8/8 regimes covered; uncovered=[]
===== done 2026-07-15T06:33:57Z =====
===== playbook cycle 2026-07-16T06:30:01Z =====
SPX: classified 317/317 days → /home/ubuntu/SPXer/scripts/autoresearch/playbook/regimes-spx.json
Regime distribution:
  trend           60  (18.9%)
  gap_fade        46  (14.5%)
  gap_chop        46  (14.5%)
  gap_go          45  (14.2%)
  chop            39  (12.3%)
  mixed           35  (11.0%)
  quiet_range     29  (9.1%)
  trend_vol       17  (5.4%)
NDX: classified 319/319 days → /home/ubuntu/SPXer/scripts/autoresearch/playbook/regimes-ndx.json
Regime distribution:
  gap_chop        78  (24.5%)
  gap_fade        64  (20.1%)
  gap_go          52  (16.3%)
  mixed           38  (11.9%)
  trend           35  (11.0%)
  chop            22  (6.9%)
  quiet_range     19  (6.0%)
  trend_vol       11  (3.4%)

[SPX] regime coverage — PER-TRADE expectancy (OOS, est_test_trades>=10):
  gap_go        DEMA 2+3+5 3x21|IB w10|TP35 only  train $48.8/t  test $31.5/t  (169 tr, 12.1/day, day-wr 50)
  gap_fade      DEMA 2+3+5 3x12|IB w50|TP75 only  train $323/t  test $284.6/t  (246 tr, 17.6/day, day-wr 71)
  gap_chop      DEMA 2m 3x9|IC 15w50|hold-to-settle  train $223.7/t  test $618.1/t  (412 tr, 29.5/day, day-wr 100)
  trend         HMA  3m 3x9|IC 20w50|hold-to-settle  train $115/t  test $65.1/t  (705 tr, 39.2/day, day-wr 78)
  trend_vol     DEMA 5m 3x21|15ITM w10|hold-to-settle  train $60.5/t  test $171.5/t  (66 tr, 10.9/day, day-wr 83)
  chop          HMA  3m 3x9|IB w50|hold-to-settle  train $366.4/t  test $262.5/t  (476 tr, 39.7/day, day-wr 67)
  quiet_range   DEMA 2+3+5 3x21|IB w50|hold-to-settle  train $444.5/t  test $705.4/t  (111 tr, 12.3/day, day-wr 89)
  mixed         DEMA 2+3+5 3x12|IB±25 w25|hold-to-settle  train $9.3/t  test $137.2/t  (190 tr, 17.3/day, day-wr 73)

[NDX] regime coverage — PER-TRADE expectancy (OOS, est_test_trades>=10):
  gap_go        DEMA 2+3+5 3x12|IB w100|TP35 only  train $1032.1/t  test $836.8/t  (257 tr, 16/day, day-wr 81)
  gap_fade      HMA  2+3 3x9|IB w100|TP50 only  train $1494.7/t  test $1597.5/t  (706 tr, 37.2/day, day-wr 95)
  gap_chop      DEMA 1m 3x12|IB w100|TP50 only  train $1336.9/t  test $1391.6/t  (873 tr, 36.4/day, day-wr 88)
  trend         DEMA 2+3+5 3x12|IB w100|TP35 only  train $373.8/t  test $1163.6/t  (176 tr, 16/day, day-wr 82)
  trend_vol     HMA  1m 3x12|IB w80|TP50 only  train $803.8/t  test $1333/t  (188 tr, 47.1/day, day-wr 100)
  chop          DEMA 2+3+5 3x21|IB w100|TP50 only  train $1729.6/t  test $1930.1/t  (78 tr, 11.2/day, day-wr 86)
  quiet_range   DEMA 2+3 3x21|IB w100|TP75 only  train $1528.9/t  test $1954.1/t  (91 tr, 15.1/day, day-wr 83)
  mixed         DEMA 2+3+5 3x12|IB w80|TP75 only  train $1645.1/t  test $1613/t  (185 tr, 15.4/day, day-wr 92)

playbook.json updated (v35). SPX: 8/8 regimes covered; uncovered=[] | NDX: 8/8 regimes covered; uncovered=[]
===== done 2026-07-16T06:34:09Z =====
===== playbook cycle 2026-07-17T06:30:01Z =====
SPX: classified 318/318 days → /home/ubuntu/SPXer/scripts/autoresearch/playbook/regimes-spx.json
Regime distribution:
  trend           60  (18.9%)
  gap_fade        46  (14.5%)
  gap_chop        46  (14.5%)
  gap_go          45  (14.2%)
  chop            39  (12.3%)
  mixed           36  (11.3%)
  quiet_range     29  (9.1%)
  trend_vol       17  (5.3%)
NDX: classified 320/320 days → /home/ubuntu/SPXer/scripts/autoresearch/playbook/regimes-ndx.json
Regime distribution:
  gap_chop        78  (24.4%)
  gap_fade        64  (20.0%)
  gap_go          53  (16.6%)
  mixed           38  (11.9%)
  trend           35  (10.9%)
  chop            22  (6.9%)
  quiet_range     19  (5.9%)
  trend_vol       11  (3.4%)

[SPX] regime coverage — PER-TRADE expectancy (OOS, est_test_trades>=10):
  gap_go        DEMA 2+3+5 3x21|IB w10|TP35 only  train $48.7/t  test $31.5/t  (169 tr, 12.1/day, day-wr 50)
  gap_fade      DEMA 2+3+5 3x12|IB w50|TP75 only  train $322.9/t  test $284.5/t  (246 tr, 17.6/day, day-wr 71)
  gap_chop      DEMA 2m 3x9|IC 15w50|hold-to-settle  train $223.6/t  test $617.8/t  (413 tr, 29.5/day, day-wr 100)
  trend         HMA  3m 3x9|IC 20w50|hold-to-settle  train $115/t  test $65.1/t  (705 tr, 39.2/day, day-wr 78)
  trend_vol     DEMA 5m 3x21|15ITM w10|hold-to-settle  train $60.3/t  test $171/t  (66 tr, 11/day, day-wr 83)
  chop          HMA  3m 3x9|IB w50|hold-to-settle  train $366.3/t  test $262.5/t  (476 tr, 39.7/day, day-wr 67)
  quiet_range   DEMA 2+3+5 3x21|IB w50|hold-to-settle  train $444/t  test $704.5/t  (111 tr, 12.3/day, day-wr 89)
  mixed         HMA  2+3+5 3x21|IB±25 w25|hold-to-settle  train $37.1/t  test $120.1/t  (256 tr, 23.3/day, day-wr 73)

[NDX] regime coverage — PER-TRADE expectancy (OOS, est_test_trades>=10):
  gap_go        DEMA 2+3+5 3x12|IB w100|TP50 only  train $1226.3/t  test $651.4/t  (257 tr, 16.1/day, day-wr 75)
  gap_fade      HMA  2+3 3x9|IB w100|TP50 only  train $1494.6/t  test $1597.4/t  (706 tr, 37.2/day, day-wr 95)
  gap_chop      DEMA 1m 3x12|IB w100|TP50 only  train $1336.5/t  test $1391.2/t  (873 tr, 36.4/day, day-wr 88)
  trend         DEMA 2+3+5 3x12|IB w100|TP35 only  train $373.5/t  test $1162.7/t  (177 tr, 16.1/day, day-wr 82)
  trend_vol     HMA  1m 3x12|IB w80|TP50 only  train $803.5/t  test $1332.5/t  (188 tr, 47.1/day, day-wr 100)
  chop          DEMA 2+3+5 3x21|IB w100|TP50 only  train $1724.8/t  test $1924.7/t  (79 tr, 11.2/day, day-wr 86)
  quiet_range   DEMA 2+3 3x21|IB w100|TP75 only  train $1526.7/t  test $1951.3/t  (91 tr, 15.1/day, day-wr 83)
  mixed         DEMA 2+3+5 3x12|IB w80|TP75 only  train $1643.6/t  test $1611.5/t  (185 tr, 15.4/day, day-wr 92)

playbook.json updated (v36). SPX: 8/8 regimes covered; uncovered=[] | NDX: 8/8 regimes covered; uncovered=[]
===== done 2026-07-17T06:34:21Z =====
===== playbook cycle 2026-07-18T06:30:01Z =====
SPX: classified 319/319 days → /home/ubuntu/SPXer/scripts/autoresearch/playbook/regimes-spx.json
Regime distribution:
  trend           60  (18.8%)
  gap_chop        47  (14.7%)
  gap_fade        46  (14.4%)
  gap_go          45  (14.1%)
  chop            39  (12.2%)
  mixed           36  (11.3%)
  quiet_range     29  (9.1%)
  trend_vol       17  (5.3%)
NDX: classified 321/321 days → /home/ubuntu/SPXer/scripts/autoresearch/playbook/regimes-ndx.json
Regime distribution:
  gap_chop        79  (24.6%)
  gap_fade        64  (19.9%)
  gap_go          53  (16.5%)
  mixed           38  (11.8%)
  trend           35  (10.9%)
  chop            22  (6.9%)
  quiet_range     19  (5.9%)
  trend_vol       11  (3.4%)

[SPX] regime coverage — PER-TRADE expectancy (OOS, est_test_trades>=10):
  gap_go        DEMA 2+3+5 3x21|IB w10|TP35 only  train $48.7/t  test $31.5/t  (169 tr, 12.1/day, day-wr 50)
  gap_fade      DEMA 2+3+5 3x12|IB w50|TP75 only  train $322.9/t  test $284.6/t  (246 tr, 17.6/day, day-wr 71)
  gap_chop      DEMA 2m 3x9|IC 15w50|hold-to-settle  train $223.5/t  test $605.5/t  (442 tr, 29.5/day, day-wr 100)
  trend         HMA  3m 3x9|IC 20w50|hold-to-settle  train $115/t  test $65.1/t  (706 tr, 39.2/day, day-wr 78)
  trend_vol     DEMA 5m 3x21|15ITM w10|hold-to-settle  train $60.4/t  test $171.1/t  (66 tr, 11/day, day-wr 83)
  chop          HMA  3m 3x9|IB w50|hold-to-settle  train $366.2/t  test $262.4/t  (476 tr, 39.7/day, day-wr 67)
  quiet_range   DEMA 2+3+5 3x21|IB w50|hold-to-settle  train $444/t  test $704.6/t  (111 tr, 12.3/day, day-wr 89)
  mixed         HMA  2+3+5 3x21|IB±25 w25|hold-to-settle  train $37.1/t  test $120.1/t  (256 tr, 23.3/day, day-wr 73)

[NDX] regime coverage — PER-TRADE expectancy (OOS, est_test_trades>=10):
  gap_go        DEMA 2+3+5 3x12|IB w100|TP50 only  train $1227.1/t  test $651.8/t  (257 tr, 16/day, day-wr 75)
  gap_fade      HMA  2+3 3x9|IB w100|TP50 only  train $1494.7/t  test $1597.6/t  (706 tr, 37.2/day, day-wr 95)
  gap_chop      DEMA 1m 3x12|IB w100|TP50 only  train $1345.6/t  test $1307.7/t  (873 tr, 36.4/day, day-wr 83)
  trend         DEMA 2+3+5 3x12|IB w100|TP35 only  train $373.7/t  test $1163.4/t  (176 tr, 16/day, day-wr 82)
  trend_vol     HMA  1m 3x12|IB w80|TP50 only  train $803.5/t  test $1332.5/t  (188 tr, 47.1/day, day-wr 100)
  chop          DEMA 2+3+5 3x21|IB w100|TP50 only  train $1727.8/t  test $1928.1/t  (78 tr, 11.2/day, day-wr 86)
  quiet_range   DEMA 2+3 3x21|IB w100|TP75 only  train $1527.7/t  test $1952.6/t  (91 tr, 15.1/day, day-wr 83)
  mixed         DEMA 2+3+5 3x12|IB w80|TP75 only  train $1644.4/t  test $1612.3/t  (185 tr, 15.4/day, day-wr 92)

playbook.json updated (v37). SPX: 8/8 regimes covered; uncovered=[] | NDX: 8/8 regimes covered; uncovered=[]
===== done 2026-07-18T06:34:31Z =====
===== playbook cycle 2026-07-19T06:30:01Z =====
SPX: classified 319/319 days → /home/ubuntu/SPXer/scripts/autoresearch/playbook/regimes-spx.json
Regime distribution:
  trend           60  (18.8%)
  gap_chop        47  (14.7%)
  gap_fade        46  (14.4%)
  gap_go          45  (14.1%)
  chop            39  (12.2%)
  mixed           36  (11.3%)
  quiet_range     29  (9.1%)
  trend_vol       17  (5.3%)
NDX: classified 321/321 days → /home/ubuntu/SPXer/scripts/autoresearch/playbook/regimes-ndx.json
Regime distribution:
  gap_chop        79  (24.6%)
  gap_fade        64  (19.9%)
  gap_go          53  (16.5%)
  mixed           38  (11.8%)
  trend           35  (10.9%)
  chop            22  (6.9%)
  quiet_range     19  (5.9%)
  trend_vol       11  (3.4%)

[SPX] regime coverage — PER-TRADE expectancy (OOS, est_test_trades>=10):
  gap_go        DEMA 2+3+5 3x21|IB w10|TP35 only  train $48.7/t  test $31.5/t  (169 tr, 12.1/day, day-wr 50)
  gap_fade      DEMA 2+3+5 3x12|IB w50|TP75 only  train $322.9/t  test $284.6/t  (246 tr, 17.6/day, day-wr 71)
  gap_chop      DEMA 2m 3x9|IC 15w50|hold-to-settle  train $223.5/t  test $605.5/t  (442 tr, 29.5/day, day-wr 100)
  trend         HMA  3m 3x9|IC 20w50|hold-to-settle  train $115/t  test $65.1/t  (706 tr, 39.2/day, day-wr 78)
  trend_vol     DEMA 5m 3x21|15ITM w10|hold-to-settle  train $60.4/t  test $171.1/t  (66 tr, 11/day, day-wr 83)
  chop          HMA  3m 3x9|IB w50|hold-to-settle  train $366.2/t  test $262.4/t  (476 tr, 39.7/day, day-wr 67)
  quiet_range   DEMA 2+3+5 3x21|IB w50|hold-to-settle  train $444/t  test $704.6/t  (111 tr, 12.3/day, day-wr 89)
  mixed         HMA  2+3+5 3x21|IB±25 w25|hold-to-settle  train $37.1/t  test $120.1/t  (256 tr, 23.3/day, day-wr 73)

[NDX] regime coverage — PER-TRADE expectancy (OOS, est_test_trades>=10):
  gap_go        DEMA 2+3+5 3x12|IB w100|TP50 only  train $1227.1/t  test $651.8/t  (257 tr, 16/day, day-wr 75)
  gap_fade      HMA  2+3 3x9|IB w100|TP50 only  train $1494.7/t  test $1597.6/t  (706 tr, 37.2/day, day-wr 95)
  gap_chop      DEMA 1m 3x12|IB w100|TP50 only  train $1345.6/t  test $1307.7/t  (873 tr, 36.4/day, day-wr 83)
  trend         DEMA 2+3+5 3x12|IB w100|TP35 only  train $373.7/t  test $1163.4/t  (176 tr, 16/day, day-wr 82)
  trend_vol     HMA  1m 3x12|IB w80|TP50 only  train $803.5/t  test $1332.5/t  (188 tr, 47.1/day, day-wr 100)
  chop          DEMA 2+3+5 3x21|IB w100|TP50 only  train $1727.8/t  test $1928.1/t  (78 tr, 11.2/day, day-wr 86)
  quiet_range   DEMA 2+3 3x21|IB w100|TP75 only  train $1527.7/t  test $1952.6/t  (91 tr, 15.1/day, day-wr 83)
  mixed         DEMA 2+3+5 3x12|IB w80|TP75 only  train $1644.4/t  test $1612.3/t  (185 tr, 15.4/day, day-wr 92)

playbook.json updated (v38). SPX: 8/8 regimes covered; uncovered=[] | NDX: 8/8 regimes covered; uncovered=[]
===== done 2026-07-19T06:34:29Z =====
===== playbook cycle 2026-07-20T06:30:01Z =====
SPX: classified 319/319 days → /home/ubuntu/SPXer/scripts/autoresearch/playbook/regimes-spx.json
Regime distribution:
  trend           60  (18.8%)
  gap_chop        47  (14.7%)
  gap_fade        46  (14.4%)
  gap_go          45  (14.1%)
  chop            39  (12.2%)
  mixed           36  (11.3%)
  quiet_range     29  (9.1%)
  trend_vol       17  (5.3%)
NDX: classified 321/321 days → /home/ubuntu/SPXer/scripts/autoresearch/playbook/regimes-ndx.json
Regime distribution:
  gap_chop        79  (24.6%)
  gap_fade        64  (19.9%)
  gap_go          53  (16.5%)
  mixed           38  (11.8%)
  trend           35  (10.9%)
  chop            22  (6.9%)
  quiet_range     19  (5.9%)
  trend_vol       11  (3.4%)

[SPX] regime coverage — PER-TRADE expectancy (OOS, est_test_trades>=10):
  gap_go        DEMA 2+3+5 3x21|IB w10|TP35 only  train $48.7/t  test $31.5/t  (169 tr, 12.1/day, day-wr 50)
  gap_fade      DEMA 2+3+5 3x12|IB w50|TP75 only  train $322.9/t  test $284.6/t  (246 tr, 17.6/day, day-wr 71)
  gap_chop      DEMA 2m 3x9|IC 15w50|hold-to-settle  train $223.5/t  test $605.5/t  (442 tr, 29.5/day, day-wr 100)
  trend         HMA  3m 3x9|IC 20w50|hold-to-settle  train $115/t  test $65.1/t  (706 tr, 39.2/day, day-wr 78)
  trend_vol     DEMA 5m 3x21|15ITM w10|hold-to-settle  train $60.4/t  test $171.1/t  (66 tr, 11/day, day-wr 83)
  chop          HMA  3m 3x9|IB w50|hold-to-settle  train $366.2/t  test $262.4/t  (476 tr, 39.7/day, day-wr 67)
  quiet_range   DEMA 2+3+5 3x21|IB w50|hold-to-settle  train $444/t  test $704.6/t  (111 tr, 12.3/day, day-wr 89)
  mixed         HMA  2+3+5 3x21|IB±25 w25|hold-to-settle  train $37.1/t  test $120.1/t  (256 tr, 23.3/day, day-wr 73)

[NDX] regime coverage — PER-TRADE expectancy (OOS, est_test_trades>=10):
  gap_go        DEMA 2+3+5 3x12|IB w100|TP50 only  train $1227.1/t  test $651.8/t  (257 tr, 16/day, day-wr 75)
  gap_fade      HMA  2+3 3x9|IB w100|TP50 only  train $1494.7/t  test $1597.6/t  (706 tr, 37.2/day, day-wr 95)
  gap_chop      DEMA 1m 3x12|IB w100|TP50 only  train $1345.6/t  test $1307.7/t  (873 tr, 36.4/day, day-wr 83)
  trend         DEMA 2+3+5 3x12|IB w100|TP35 only  train $373.7/t  test $1163.4/t  (176 tr, 16/day, day-wr 82)
  trend_vol     HMA  1m 3x12|IB w80|TP50 only  train $803.5/t  test $1332.5/t  (188 tr, 47.1/day, day-wr 100)
  chop          DEMA 2+3+5 3x21|IB w100|TP50 only  train $1727.8/t  test $1928.1/t  (78 tr, 11.2/day, day-wr 86)
  quiet_range   DEMA 2+3 3x21|IB w100|TP75 only  train $1527.7/t  test $1952.6/t  (91 tr, 15.1/day, day-wr 83)
  mixed         DEMA 2+3+5 3x12|IB w80|TP75 only  train $1644.4/t  test $1612.3/t  (185 tr, 15.4/day, day-wr 92)

playbook.json updated (v39). SPX: 8/8 regimes covered; uncovered=[] | NDX: 8/8 regimes covered; uncovered=[]
===== done 2026-07-20T06:34:29Z =====
===== playbook cycle 2026-07-21T06:30:02Z =====
SPX: classified 320/320 days → /home/ubuntu/SPXer/scripts/autoresearch/playbook/regimes-spx.json
Regime distribution:
  trend           60  (18.8%)
  gap_fade        47  (14.7%)
  gap_chop        47  (14.7%)
  gap_go          45  (14.1%)
  chop            39  (12.2%)
  mixed           36  (11.3%)
  quiet_range     29  (9.1%)
  trend_vol       17  (5.3%)
NDX: classified 322/322 days → /home/ubuntu/SPXer/scripts/autoresearch/playbook/regimes-ndx.json
Regime distribution:
  gap_chop        79  (24.5%)
  gap_fade        65  (20.2%)
  gap_go          53  (16.5%)
  mixed           38  (11.8%)
  trend           35  (10.9%)
  chop            22  (6.8%)
  quiet_range     19  (5.9%)
  trend_vol       11  (3.4%)

[SPX] regime coverage — PER-TRADE expectancy (OOS, est_test_trades>=10):
  gap_go        DEMA 2+3+5 3x21|IB w10|TP35 only  train $48.8/t  test $31.5/t  (169 tr, 12.1/day, day-wr 50)
  gap_fade      DEMA 2+3+5 3x12|IB w50|TP75 only  train $323/t  test $238.3/t  (264 tr, 17.6/day, day-wr 67)
  gap_chop      DEMA 2m 3x9|IC 15w50|hold-to-settle  train $223.5/t  test $605.4/t  (442 tr, 29.5/day, day-wr 100)
  trend         HMA  3m 3x9|IC 20w50|hold-to-settle  train $114.9/t  test $65/t  (706 tr, 39.2/day, day-wr 78)
  trend_vol     DEMA 5m 3x21|15ITM w10|hold-to-settle  train $60.4/t  test $171.3/t  (66 tr, 10.9/day, day-wr 83)
  chop          HMA  3m 3x9|IB w50|hold-to-settle  train $365.9/t  test $262.2/t  (477 tr, 39.7/day, day-wr 67)
  quiet_range   DEMA 2+3+5 3x21|IB w50|hold-to-settle  train $444.4/t  test $705.2/t  (111 tr, 12.3/day, day-wr 89)
  mixed         HMA  2+3+5 3x21|IB±25 w25|hold-to-settle  train $37.1/t  test $120.1/t  (256 tr, 23.3/day, day-wr 73)

[NDX] regime coverage — PER-TRADE expectancy (OOS, est_test_trades>=10):
  gap_go        DEMA 2+3+5 3x12|IB w100|TP50 only  train $1226.1/t  test $651.3/t  (257 tr, 16.1/day, day-wr 75)
  gap_fade      HMA  2+3 3x9|IB w100|TP50 only  train $1493.5/t  test $1489.4/t  (744 tr, 37.2/day, day-wr 90)
  gap_chop      DEMA 1m 3x12|IB w100|TP50 only  train $1344.2/t  test $1306.4/t  (874 tr, 36.4/day, day-wr 83)
  trend         DEMA 2+3+5 3x12|IB w100|TP35 only  train $373.4/t  test $1162.5/t  (177 tr, 16.1/day, day-wr 82)
  trend_vol     HMA  1m 3x12|IB w80|TP50 only  train $803/t  test $1331.7/t  (188 tr, 47.1/day, day-wr 100)
  chop          DEMA 2+3+5 3x21|IB w100|TP50 only  train $1726.5/t  test $1926.6/t  (78 tr, 11.2/day, day-wr 86)
  quiet_range   DEMA 2+3 3x21|IB w100|TP75 only  train $1526.4/t  test $1951/t  (91 tr, 15.1/day, day-wr 83)
  mixed         DEMA 2+3+5 3x12|IB w80|TP75 only  train $1642.9/t  test $1610.9/t  (185 tr, 15.5/day, day-wr 92)

playbook.json updated (v40). SPX: 8/8 regimes covered; uncovered=[] | NDX: 8/8 regimes covered; uncovered=[]
===== done 2026-07-21T06:34:44Z =====
===== playbook cycle 2026-07-22T06:30:01Z =====
SPX: classified 321/321 days → /home/ubuntu/SPXer/scripts/autoresearch/playbook/regimes-spx.json
Regime distribution:
  trend           60  (18.7%)
  gap_chop        48  (15.0%)
  gap_fade        47  (14.6%)
  gap_go          45  (14.0%)
  chop            39  (12.1%)
  mixed           36  (11.2%)
  quiet_range     29  (9.0%)
  trend_vol       17  (5.3%)
NDX: classified 323/323 days → /home/ubuntu/SPXer/scripts/autoresearch/playbook/regimes-ndx.json
Regime distribution:
  gap_chop        80  (24.8%)
  gap_fade        65  (20.1%)
  gap_go          53  (16.4%)
  mixed           38  (11.8%)
  trend           35  (10.8%)
  chop            22  (6.8%)
  quiet_range     19  (5.9%)
  trend_vol       11  (3.4%)

[SPX] regime coverage — PER-TRADE expectancy (OOS, est_test_trades>=10):
  gap_go        DEMA 2+3+5 3x21|IB w10|TP35 only  train $48.8/t  test $31.6/t  (169 tr, 12/day, day-wr 50)
  gap_fade      DEMA 2+3+5 3x12|IB w50|TP75 only  train $322.8/t  test $238.2/t  (264 tr, 17.6/day, day-wr 67)
  gap_chop      HMA  3m 3x9|IC 10w50|hold-to-settle  train $247.7/t  test $622/t  (594 tr, 39.6/day, day-wr 93)
  trend         HMA  3m 3x9|IC 20w50|hold-to-settle  train $114.8/t  test $65/t  (706 tr, 39.2/day, day-wr 78)
  trend_vol     DEMA 5m 3x21|15ITM w10|hold-to-settle  train $60.5/t  test $171.5/t  (66 tr, 10.9/day, day-wr 83)
  chop          HMA  3m 3x9|IB w50|hold-to-settle  train $365.8/t  test $262.1/t  (477 tr, 39.7/day, day-wr 67)
  quiet_range   DEMA 2+3+5 3x21|IB w50|hold-to-settle  train $444.8/t  test $705.8/t  (111 tr, 12.3/day, day-wr 89)
  mixed         HMA  2+3+5 3x21|IB±25 w25|hold-to-settle  train $37.1/t  test $120/t  (256 tr, 23.3/day, day-wr 73)

[NDX] regime coverage — PER-TRADE expectancy (OOS, est_test_trades>=10):
  gap_go        DEMA 2+3+5 3x12|IB w100|TP50 only  train $1225.2/t  test $650.8/t  (257 tr, 16.1/day, day-wr 75)
  gap_fade      HMA  2+3 3x9|IB w100|TP50 only  train $1493.3/t  test $1489.1/t  (744 tr, 37.2/day, day-wr 90)
  gap_chop      DEMA 1m 3x12|IB w100|TP50 only  train $1323/t  test $1539/t  (874 tr, 36.4/day, day-wr 83)
  trend         DEMA 2+3+5 3x12|IB w100|TP35 only  train $373.1/t  test $1161.6/t  (177 tr, 16.1/day, day-wr 82)
  trend_vol     HMA  1m 3x12|IB w80|TP50 only  train $802.7/t  test $1331.2/t  (189 tr, 47.1/day, day-wr 100)
  chop          DEMA 2+3+5 3x21|IB w100|TP50 only  train $1730.4/t  test $1931/t  (78 tr, 11.2/day, day-wr 86)
  quiet_range   DEMA 2+3 3x21|IB w100|TP75 only  train $1523.9/t  test $1947.9/t  (91 tr, 15.1/day, day-wr 83)
  mixed         DEMA 2+3+5 3x12|IB w80|TP75 only  train $1641.3/t  test $1609.4/t  (186 tr, 15.5/day, day-wr 92)

playbook.json updated (v41). SPX: 8/8 regimes covered; uncovered=[] | NDX: 8/8 regimes covered; uncovered=[]
===== done 2026-07-22T06:35:03Z =====
===== playbook cycle 2026-07-23T06:30:01Z =====
SPX: classified 322/322 days → /home/ubuntu/SPXer/scripts/autoresearch/playbook/regimes-spx.json
Regime distribution:
  trend           60  (18.6%)
  gap_chop        48  (14.9%)
  gap_fade        47  (14.6%)
  gap_go          45  (14.0%)
  chop            39  (12.1%)
  mixed           36  (11.2%)
  quiet_range     30  (9.3%)
  trend_vol       17  (5.3%)
NDX: classified 324/324 days → /home/ubuntu/SPXer/scripts/autoresearch/playbook/regimes-ndx.json
Regime distribution:
  gap_chop        80  (24.7%)
  gap_fade        66  (20.4%)
  gap_go          53  (16.4%)
  mixed           38  (11.7%)
  trend           35  (10.8%)
  chop            22  (6.8%)
  quiet_range     19  (5.9%)
  trend_vol       11  (3.4%)

[SPX] regime coverage — PER-TRADE expectancy (OOS, est_test_trades>=10):
  gap_go        DEMA 2+3+5 3x21|IB w10|TP35 only  train $48.8/t  test $31.6/t  (169 tr, 12/day, day-wr 50)
  gap_fade      DEMA 2+3+5 3x12|IB w50|TP75 only  train $323/t  test $238.3/t  (264 tr, 17.6/day, day-wr 67)
  gap_chop      HMA  3m 3x9|IC 10w50|hold-to-settle  train $247.8/t  test $622.2/t  (594 tr, 39.6/day, day-wr 93)
  trend         HMA  3m 3x9|IC 20w50|hold-to-settle  train $114.8/t  test $65/t  (706 tr, 39.2/day, day-wr 78)
  trend_vol     DEMA 5m 3x21|15ITM w10|hold-to-settle  train $60.5/t  test $171.6/t  (66 tr, 10.9/day, day-wr 83)
  chop          HMA  3m 3x9|IB w50|hold-to-settle  train $365.8/t  test $262.2/t  (477 tr, 39.7/day, day-wr 67)
  quiet_range   DEMA 2+3+5 3x21|IB w50|hold-to-settle  train $470.5/t  test $651.1/t  (111 tr, 12.3/day, day-wr 89)
  mixed         HMA  2+3+5 3x21|IB±25 w25|hold-to-settle  train $37.1/t  test $119.9/t  (256 tr, 23.3/day, day-wr 73)

[NDX] regime coverage — PER-TRADE expectancy (OOS, est_test_trades>=10):
  gap_go        DEMA 2+3+5 3x12|IB w100|TP50 only  train $1224.5/t  test $650.4/t  (257 tr, 16.1/day, day-wr 75)
  gap_fade      HMA  2+3 3x9|IB w100|TP50 only  train $1501.1/t  test $1389/t  (744 tr, 37.2/day, day-wr 85)
  gap_chop      HMA  2m 3x12|IB w100|TP50 only  train $1295.3/t  test $1538.8/t  (955 tr, 39.8/day, day-wr 83)
  trend         DEMA 2+3+5 3x12|IB w100|TP35 only  train $372.9/t  test $1160.9/t  (177 tr, 16.1/day, day-wr 82)
  trend_vol     HMA  1m 3x12|IB w80|TP50 only  train $802.8/t  test $1331.3/t  (189 tr, 47.1/day, day-wr 100)
  chop          DEMA 2+3+5 3x21|IB w100|TP50 only  train $1726.7/t  test $1926.8/t  (78 tr, 11.2/day, day-wr 86)
  quiet_range   DEMA 2+3 3x21|IB w100|TP75 only  train $1520.9/t  test $1943.9/t  (91 tr, 15.2/day, day-wr 83)
  mixed         DEMA 2+3+5 3x12|IB w80|TP75 only  train $1640.2/t  test $1608.2/t  (186 tr, 15.5/day, day-wr 92)

playbook.json updated (v42). SPX: 8/8 regimes covered; uncovered=[] | NDX: 8/8 regimes covered; uncovered=[]
===== done 2026-07-23T06:35:08Z =====
===== playbook cycle 2026-07-24T06:30:01Z =====
SPX: classified 323/323 days → /home/ubuntu/SPXer/scripts/autoresearch/playbook/regimes-spx.json
Regime distribution:
  trend           60  (18.6%)
  gap_chop        49  (15.2%)
  gap_fade        47  (14.6%)
  gap_go          45  (13.9%)
  chop            39  (12.1%)
  mixed           36  (11.1%)
  quiet_range     30  (9.3%)
  trend_vol       17  (5.3%)
NDX: classified 325/325 days → /home/ubuntu/SPXer/scripts/autoresearch/playbook/regimes-ndx.json
Regime distribution:
  gap_chop        81  (24.9%)
  gap_fade        66  (20.3%)
  gap_go          53  (16.3%)
  mixed           38  (11.7%)
  trend           35  (10.8%)
  chop            22  (6.8%)
  quiet_range     19  (5.8%)
  trend_vol       11  (3.4%)

[SPX] regime coverage — PER-TRADE expectancy (OOS, est_test_trades>=10):
  gap_go        DEMA 2+3+5 3x21|IB w10|TP35 only  train $48.8/t  test $31.5/t  (169 tr, 12.1/day, day-wr 50)
  gap_fade      DEMA 2+3+5 3x12|IB w50|TP75 only  train $323/t  test $238.3/t  (264 tr, 17.6/day, day-wr 67)
  gap_chop      DEMA 2m 3x9|IC 10w50|hold-to-settle  train $254.4/t  test $593.6/t  (444 tr, 29.6/day, day-wr 93)
  trend         HMA  3m 3x9|IC 20w50|hold-to-settle  train $114.8/t  test $65/t  (706 tr, 39.2/day, day-wr 78)
  trend_vol     DEMA 5m 3x21|15ITM w10|hold-to-settle  train $60.4/t  test $171.2/t  (66 tr, 11/day, day-wr 83)
  chop          HMA  3m 3x9|IB w50|hold-to-settle  train $365.8/t  test $262.2/t  (477 tr, 39.7/day, day-wr 67)
  quiet_range   DEMA 2+3+5 3x21|IB w50|hold-to-settle  train $470/t  test $650.5/t  (111 tr, 12.3/day, day-wr 89)
  mixed         HMA  2+3+5 3x21|IB±25 w25|hold-to-settle  train $37/t  test $119.9/t  (257 tr, 23.3/day, day-wr 73)

[NDX] regime coverage — PER-TRADE expectancy (OOS, est_test_trades>=10):
  gap_go        DEMA 2+3+5 3x12|IB w100|TP50 only  train $1224.5/t  test $650.4/t  (257 tr, 16.1/day, day-wr 75)
  gap_fade      HMA  2+3 3x9|IB w100|TP50 only  train $1501.1/t  test $1389/t  (744 tr, 37.2/day, day-wr 85)
  gap_chop      HMA  2m 3x12|IB w100|TP50 only  train $1295.3/t  test $1538.8/t  (955 tr, 39.8/day, day-wr 83)
  trend         DEMA 2+3+5 3x12|IB w100|TP35 only  train $372.9/t  test $1160.9/t  (177 tr, 16.1/day, day-wr 82)
  trend_vol     HMA  1m 3x12|IB w80|TP50 only  train $802.8/t  test $1331.3/t  (189 tr, 47.1/day, day-wr 100)
  chop          DEMA 2+3+5 3x21|IB w100|TP50 only  train $1726.7/t  test $1926.8/t  (78 tr, 11.2/day, day-wr 86)
  quiet_range   DEMA 2+3 3x21|IB w100|TP75 only  train $1520.9/t  test $1943.9/t  (91 tr, 15.2/day, day-wr 83)
  mixed         DEMA 2+3+5 3x12|IB w80|TP75 only  train $1640.2/t  test $1608.2/t  (186 tr, 15.5/day, day-wr 92)

playbook.json updated (v43). SPX: 8/8 regimes covered; uncovered=[] | NDX: 8/8 regimes covered; uncovered=[]
===== done 2026-07-24T06:35:31Z =====
===== playbook cycle 2026-07-25T06:30:01Z =====
SPX: classified 324/324 days → /home/ubuntu/SPXer/scripts/autoresearch/playbook/regimes-spx.json
Regime distribution:
  trend           60  (18.5%)
  gap_chop        49  (15.1%)
  gap_fade        47  (14.5%)
  gap_go          45  (13.9%)
  chop            40  (12.3%)
  mixed           36  (11.1%)
  quiet_range     30  (9.3%)
  trend_vol       17  (5.2%)
NDX: classified 326/326 days → /home/ubuntu/SPXer/scripts/autoresearch/playbook/regimes-ndx.json
Regime distribution:
  gap_chop        81  (24.8%)
  gap_fade        66  (20.2%)
  gap_go          53  (16.3%)
  mixed           39  (12.0%)
  trend           35  (10.7%)
  chop            22  (6.7%)
  quiet_range     19  (5.8%)
  trend_vol       11  (3.4%)

[SPX] regime coverage — PER-TRADE expectancy (OOS, est_test_trades>=10):
  gap_go        DEMA 2+3+5 3x21|IB w10|TP35 only  train $48.8/t  test $31.5/t  (169 tr, 12.1/day, day-wr 50)
  gap_fade      DEMA 2+3+5 3x12|IB w50|TP75 only  train $322.9/t  test $238.3/t  (264 tr, 17.6/day, day-wr 67)
  gap_chop      DEMA 2m 3x9|IC 10w50|hold-to-settle  train $254.4/t  test $593.7/t  (444 tr, 29.6/day, day-wr 93)
  trend         HMA  3m 3x9|IC 20w50|hold-to-settle  train $114.8/t  test $65/t  (706 tr, 39.2/day, day-wr 78)
  trend_vol     DEMA 5m 3x21|15ITM w10|hold-to-settle  train $60.4/t  test $171.2/t  (66 tr, 11/day, day-wr 83)
  chop          HMA  5m 3x9|IC 20w50|hold-to-settle  train $346.6/t  test $104.2/t  (380 tr, 31.7/day, day-wr 58)
  quiet_range   DEMA 2+3+5 3x21|IB w50|hold-to-settle  train $469.8/t  test $650.3/t  (111 tr, 12.3/day, day-wr 89)
  mixed         HMA  2+3+5 3x21|IB±25 w25|hold-to-settle  train $37/t  test $119.9/t  (257 tr, 23.3/day, day-wr 73)

[NDX] regime coverage — PER-TRADE expectancy (OOS, est_test_trades>=10):
  gap_go        DEMA 2+3+5 3x12|IB w100|TP50 only  train $1224.5/t  test $650.4/t  (257 tr, 16.1/day, day-wr 75)
  gap_fade      HMA  2+3 3x9|IB w100|TP50 only  train $1501.1/t  test $1389/t  (744 tr, 37.2/day, day-wr 85)
  gap_chop      HMA  2m 3x12|IB w100|TP50 only  train $1295.3/t  test $1538.8/t  (955 tr, 39.8/day, day-wr 83)
  trend         DEMA 2+3+5 3x12|IB w100|TP35 only  train $372.9/t  test $1160.9/t  (177 tr, 16.1/day, day-wr 82)
  trend_vol     HMA  1m 3x12|IB w80|TP50 only  train $802.8/t  test $1331.3/t  (189 tr, 47.1/day, day-wr 100)
  chop          DEMA 2+3+5 3x21|IB w100|TP50 only  train $1726.7/t  test $1926.8/t  (78 tr, 11.2/day, day-wr 86)
  quiet_range   DEMA 2+3 3x21|IB w100|TP75 only  train $1520.9/t  test $1943.9/t  (91 tr, 15.2/day, day-wr 83)
  mixed         DEMA 2+3+5 3x12|IB w80|TP75 only  train $1655.6/t  test $1567.5/t  (170 tr, 15.5/day, day-wr 91)

playbook.json updated (v44). SPX: 8/8 regimes covered; uncovered=[] | NDX: 8/8 regimes covered; uncovered=[]
===== done 2026-07-25T06:35:33Z =====
===== playbook cycle 2026-07-26T06:30:01Z =====
SPX: classified 324/324 days → /home/ubuntu/SPXer/scripts/autoresearch/playbook/regimes-spx.json
Regime distribution:
  trend           60  (18.5%)
  gap_chop        49  (15.1%)
  gap_fade        47  (14.5%)
  gap_go          45  (13.9%)
  chop            40  (12.3%)
  mixed           36  (11.1%)
  quiet_range     30  (9.3%)
  trend_vol       17  (5.2%)
NDX: classified 326/326 days → /home/ubuntu/SPXer/scripts/autoresearch/playbook/regimes-ndx.json
Regime distribution:
  gap_chop        81  (24.8%)
  gap_fade        66  (20.2%)
  gap_go          53  (16.3%)
  mixed           39  (12.0%)
  trend           35  (10.7%)
  chop            22  (6.7%)
  quiet_range     19  (5.8%)
  trend_vol       11  (3.4%)

[SPX] regime coverage — PER-TRADE expectancy (OOS, est_test_trades>=10):
  gap_go        DEMA 2+3+5 3x21|IB w10|TP35 only  train $48.8/t  test $31.5/t  (169 tr, 12.1/day, day-wr 50)
  gap_fade      DEMA 2+3+5 3x12|IB w50|TP75 only  train $322.9/t  test $238.3/t  (264 tr, 17.6/day, day-wr 67)
  gap_chop      DEMA 2m 3x9|IC 10w50|hold-to-settle  train $254.4/t  test $593.7/t  (444 tr, 29.6/day, day-wr 93)
  trend         HMA  3m 3x9|IC 20w50|hold-to-settle  train $114.8/t  test $65/t  (706 tr, 39.2/day, day-wr 78)
  trend_vol     DEMA 5m 3x21|15ITM w10|hold-to-settle  train $60.4/t  test $171.2/t  (66 tr, 11/day, day-wr 83)
  chop          HMA  5m 3x9|IC 20w50|hold-to-settle  train $346.6/t  test $104.2/t  (380 tr, 31.7/day, day-wr 58)
  quiet_range   DEMA 2+3+5 3x21|IB w50|hold-to-settle  train $469.8/t  test $650.3/t  (111 tr, 12.3/day, day-wr 89)
  mixed         HMA  2+3+5 3x21|IB±25 w25|hold-to-settle  train $37/t  test $119.9/t  (257 tr, 23.3/day, day-wr 73)

[NDX] regime coverage — PER-TRADE expectancy (OOS, est_test_trades>=10):
  gap_go        DEMA 2+3+5 3x12|IB w100|TP50 only  train $1224.5/t  test $650.4/t  (257 tr, 16.1/day, day-wr 75)
  gap_fade      HMA  2+3 3x9|IB w100|TP50 only  train $1501.1/t  test $1389/t  (744 tr, 37.2/day, day-wr 85)
  gap_chop      HMA  2m 3x12|IB w100|TP50 only  train $1295.3/t  test $1538.8/t  (955 tr, 39.8/day, day-wr 83)
  trend         DEMA 2+3+5 3x12|IB w100|TP35 only  train $372.9/t  test $1160.9/t  (177 tr, 16.1/day, day-wr 82)
  trend_vol     HMA  1m 3x12|IB w80|TP50 only  train $802.8/t  test $1331.3/t  (189 tr, 47.1/day, day-wr 100)
  chop          DEMA 2+3+5 3x21|IB w100|TP50 only  train $1726.7/t  test $1926.8/t  (78 tr, 11.2/day, day-wr 86)
  quiet_range   DEMA 2+3 3x21|IB w100|TP75 only  train $1520.9/t  test $1943.9/t  (91 tr, 15.2/day, day-wr 83)
  mixed         DEMA 2+3+5 3x12|IB w80|TP75 only  train $1655.6/t  test $1567.5/t  (170 tr, 15.5/day, day-wr 91)

playbook.json updated (v45). SPX: 8/8 regimes covered; uncovered=[] | NDX: 8/8 regimes covered; uncovered=[]
===== done 2026-07-26T06:35:36Z =====
===== playbook cycle 2026-07-27T06:30:01Z =====
SPX: classified 324/324 days → /home/ubuntu/SPXer/scripts/autoresearch/playbook/regimes-spx.json
Regime distribution:
  trend           60  (18.5%)
  gap_chop        49  (15.1%)
  gap_fade        47  (14.5%)
  gap_go          45  (13.9%)
  chop            40  (12.3%)
  mixed           36  (11.1%)
  quiet_range     30  (9.3%)
  trend_vol       17  (5.2%)
NDX: classified 326/326 days → /home/ubuntu/SPXer/scripts/autoresearch/playbook/regimes-ndx.json
Regime distribution:
  gap_chop        81  (24.8%)
  gap_fade        66  (20.2%)
  gap_go          53  (16.3%)
  mixed           39  (12.0%)
  trend           35  (10.7%)
  chop            22  (6.7%)
  quiet_range     19  (5.8%)
  trend_vol       11  (3.4%)

[SPX] regime coverage — PER-TRADE expectancy (OOS, est_test_trades>=10):
  gap_go        DEMA 2+3+5 3x21|IB w10|TP35 only  train $48.8/t  test $31.5/t  (169 tr, 12.1/day, day-wr 50)
  gap_fade      DEMA 2+3+5 3x12|IB w50|TP75 only  train $322.9/t  test $238.3/t  (264 tr, 17.6/day, day-wr 67)
  gap_chop      DEMA 2m 3x9|IC 10w50|hold-to-settle  train $254.4/t  test $593.7/t  (444 tr, 29.6/day, day-wr 93)
  trend         HMA  3m 3x9|IC 20w50|hold-to-settle  train $114.8/t  test $65/t  (706 tr, 39.2/day, day-wr 78)
  trend_vol     DEMA 5m 3x21|15ITM w10|hold-to-settle  train $60.4/t  test $171.2/t  (66 tr, 11/day, day-wr 83)
  chop          HMA  5m 3x9|IC 20w50|hold-to-settle  train $346.6/t  test $104.2/t  (380 tr, 31.7/day, day-wr 58)
  quiet_range   DEMA 2+3+5 3x21|IB w50|hold-to-settle  train $469.8/t  test $650.3/t  (111 tr, 12.3/day, day-wr 89)
  mixed         HMA  2+3+5 3x21|IB±25 w25|hold-to-settle  train $37/t  test $119.9/t  (257 tr, 23.3/day, day-wr 73)

[NDX] regime coverage — PER-TRADE expectancy (OOS, est_test_trades>=10):
  gap_go        DEMA 2+3+5 3x12|IB w100|TP50 only  train $1224.5/t  test $650.4/t  (257 tr, 16.1/day, day-wr 75)
  gap_fade      HMA  2+3 3x9|IB w100|TP50 only  train $1501.1/t  test $1389/t  (744 tr, 37.2/day, day-wr 85)
  gap_chop      HMA  2m 3x12|IB w100|TP50 only  train $1295.3/t  test $1538.8/t  (955 tr, 39.8/day, day-wr 83)
  trend         DEMA 2+3+5 3x12|IB w100|TP35 only  train $372.9/t  test $1160.9/t  (177 tr, 16.1/day, day-wr 82)
  trend_vol     HMA  1m 3x12|IB w80|TP50 only  train $802.8/t  test $1331.3/t  (189 tr, 47.1/day, day-wr 100)
  chop          DEMA 2+3+5 3x21|IB w100|TP50 only  train $1726.7/t  test $1926.8/t  (78 tr, 11.2/day, day-wr 86)
  quiet_range   DEMA 2+3 3x21|IB w100|TP75 only  train $1520.9/t  test $1943.9/t  (91 tr, 15.2/day, day-wr 83)
  mixed         DEMA 2+3+5 3x12|IB w80|TP75 only  train $1655.6/t  test $1567.5/t  (170 tr, 15.5/day, day-wr 91)

playbook.json updated (v46). SPX: 8/8 regimes covered; uncovered=[] | NDX: 8/8 regimes covered; uncovered=[]
===== done 2026-07-27T06:35:32Z =====
===== playbook cycle 2026-07-28T06:30:01Z =====
SPX: classified 325/325 days → /home/ubuntu/SPXer/scripts/autoresearch/playbook/regimes-spx.json
Regime distribution:
  trend           60  (18.5%)
  gap_chop        49  (15.1%)
  gap_fade        48  (14.8%)
  gap_go          45  (13.8%)
  chop            40  (12.3%)
  mixed           36  (11.1%)
  quiet_range     30  (9.2%)
  trend_vol       17  (5.2%)
NDX: classified 327/327 days → /home/ubuntu/SPXer/scripts/autoresearch/playbook/regimes-ndx.json
Regime distribution:
  gap_chop        81  (24.8%)
  gap_fade        67  (20.5%)
  gap_go          53  (16.2%)
  mixed           39  (11.9%)
  trend           35  (10.7%)
  chop            22  (6.7%)
  quiet_range     19  (5.8%)
  trend_vol       11  (3.4%)

[SPX] regime coverage — PER-TRADE expectancy (OOS, est_test_trades>=10):
  gap_go        DEMA 2+3+5 3x21|IB w10|TP35 only  train $48.7/t  test $31.5/t  (169 tr, 12.1/day, day-wr 50)
  gap_fade      DEMA 2+3 3x21|IB w50|TP75 only  train $345.4/t  test $247.3/t  (248 tr, 16.5/day, day-wr 73)
  gap_chop      DEMA 2m 3x9|IC 10w50|hold-to-settle  train $254.5/t  test $593.9/t  (444 tr, 29.6/day, day-wr 93)
  trend         HMA  3m 3x9|IC 20w50|hold-to-settle  train $114.8/t  test $65/t  (706 tr, 39.2/day, day-wr 78)
  trend_vol     DEMA 5m 3x21|15ITM w10|hold-to-settle  train $60.4/t  test $171.3/t  (66 tr, 11/day, day-wr 83)
  chop          HMA  5m 3x9|IC 20w50|hold-to-settle  train $346.7/t  test $104.2/t  (380 tr, 31.7/day, day-wr 58)
  quiet_range   DEMA 2+3+5 3x21|IB w50|hold-to-settle  train $469.6/t  test $650/t  (111 tr, 12.3/day, day-wr 89)
  mixed         HMA  2+3+5 3x21|IB±25 w25|hold-to-settle  train $37.1/t  test $120/t  (256 tr, 23.3/day, day-wr 73)

[NDX] regime coverage — PER-TRADE expectancy (OOS, est_test_trades>=10):
  gap_go        DEMA 2+3+5 3x12|IB w100|TP50 only  train $1223.6/t  test $649.9/t  (257 tr, 16.1/day, day-wr 75)
  gap_fade      DEMA 2+3 3x12|IC 30w100|TP50 only  train $1014.5/t  test $1447.9/t  (424 tr, 21.2/day, day-wr 90)
  gap_chop      HMA  2m 3x12|IB w100|TP50 only  train $1296/t  test $1493.5/t  (994 tr, 39.8/day, day-wr 84)
  trend         DEMA 2+3+5 3x12|IB w100|TP35 only  train $372.7/t  test $1160.1/t  (177 tr, 16.1/day, day-wr 82)
  trend_vol     HMA  1m 3x12|IB w80|TP50 only  train $803/t  test $1331.7/t  (188 tr, 47.1/day, day-wr 100)
  chop          DEMA 2+3+5 3x21|IB w100|TP50 only  train $1724.6/t  test $1924.5/t  (79 tr, 11.2/day, day-wr 86)
  quiet_range   DEMA 2+3 3x21|IB w100|TP75 only  train $1519.8/t  test $1942.6/t  (91 tr, 15.2/day, day-wr 83)
  mixed         DEMA 2+3+5 3x12|IB w80|TP75 only  train $1653.7/t  test $1432.5/t  (186 tr, 15.5/day, day-wr 83)

playbook.json updated (v47). SPX: 8/8 regimes covered; uncovered=[] | NDX: 8/8 regimes covered; uncovered=[]
===== done 2026-07-28T06:35:47Z =====
===== playbook cycle 2026-07-29T06:30:01Z =====
SPX: classified 326/326 days → /home/ubuntu/SPXer/scripts/autoresearch/playbook/regimes-spx.json
Regime distribution:
  trend           60  (18.4%)
  gap_chop        49  (15.0%)
  gap_fade        48  (14.7%)
  gap_go          45  (13.8%)
  chop            41  (12.6%)
  mixed           36  (11.0%)
  quiet_range     30  (9.2%)
  trend_vol       17  (5.2%)
NDX: classified 328/328 days → /home/ubuntu/SPXer/scripts/autoresearch/playbook/regimes-ndx.json
Regime distribution:
  gap_chop        82  (25.0%)
  gap_fade        67  (20.4%)
  gap_go          53  (16.2%)
  mixed           39  (11.9%)
  trend           35  (10.7%)
  chop            22  (6.7%)
  quiet_range     19  (5.8%)
  trend_vol       11  (3.4%)

[SPX] regime coverage — PER-TRADE expectancy (OOS, est_test_trades>=10):
  gap_go        DEMA 2+3+5 3x21|IB w10|TP35 only  train $48.8/t  test $31.5/t  (169 tr, 12.1/day, day-wr 50)
  gap_fade      DEMA 2+3 3x21|IB w50|TP75 only  train $345.5/t  test $247.4/t  (248 tr, 16.5/day, day-wr 73)
  gap_chop      DEMA 2m 3x9|IC 10w50|hold-to-settle  train $254.5/t  test $594/t  (444 tr, 29.6/day, day-wr 93)
  trend         HMA  3m 3x9|IC 20w50|hold-to-settle  train $114.9/t  test $65/t  (706 tr, 39.2/day, day-wr 78)
  trend_vol     DEMA 5m 3x21|15ITM w10|hold-to-settle  train $60.5/t  test $171.5/t  (66 tr, 10.9/day, day-wr 83)
  chop          HMA  3m 3x9|IB w50|hold-to-settle  train $395.3/t  test $148.2/t  (516 tr, 39.7/day, day-wr 62)
  quiet_range   DEMA 2+3+5 3x21|IB w50|hold-to-settle  train $469.9/t  test $650.4/t  (111 tr, 12.3/day, day-wr 89)
  mixed         HMA  2+3+5 3x21|IB±25 w25|hold-to-settle  train $37.1/t  test $120/t  (256 tr, 23.3/day, day-wr 73)

[NDX] regime coverage — PER-TRADE expectancy (OOS, est_test_trades>=10):
  gap_go        DEMA 2+3+5 3x12|IB w100|TP50 only  train $1224.3/t  test $650.3/t  (257 tr, 16.1/day, day-wr 75)
  gap_fade      DEMA 2+3 3x12|IC 30w100|TP50 only  train $1014.8/t  test $1448.4/t  (423 tr, 21.2/day, day-wr 90)
  gap_chop      DEMA 2+3 3x12|IB w100|TP50 only  train $1327.6/t  test $1523.3/t  (514 tr, 20.5/day, day-wr 84)
  trend         DEMA 2+3+5 3x12|IB w100|TP35 only  train $372.9/t  test $1160.8/t  (177 tr, 16.1/day, day-wr 82)
  trend_vol     HMA  1m 3x12|IB w80|TP50 only  train $803.1/t  test $1331.9/t  (188 tr, 47.1/day, day-wr 100)
  chop          DEMA 2+3+5 3x21|IB w100|TP50 only  train $1725.2/t  test $1925.2/t  (79 tr, 11.2/day, day-wr 86)
  quiet_range   DEMA 2+3 3x21|IB w100|TP75 only  train $1520.5/t  test $1943.4/t  (91 tr, 15.2/day, day-wr 83)
  mixed         DEMA 2+3+5 3x12|IB w80|TP75 only  train $1654.6/t  test $1433.2/t  (186 tr, 15.5/day, day-wr 83)

playbook.json updated (v48). SPX: 8/8 regimes covered; uncovered=[] | NDX: 8/8 regimes covered; uncovered=[]
===== done 2026-07-29T06:35:56Z =====
===== playbook cycle 2026-07-30T06:30:01Z =====
SPX: classified 327/327 days → /home/ubuntu/SPXer/scripts/autoresearch/playbook/regimes-spx.json
Regime distribution:
  trend           60  (18.3%)
  gap_chop        49  (15.0%)
  gap_fade        48  (14.7%)
  gap_go          45  (13.8%)
  chop            41  (12.5%)
  mixed           36  (11.0%)
  quiet_range     30  (9.2%)
  trend_vol       18  (5.5%)
NDX: classified 329/329 days → /home/ubuntu/SPXer/scripts/autoresearch/playbook/regimes-ndx.json
Regime distribution:
  gap_chop        82  (24.9%)
  gap_fade        67  (20.4%)
  gap_go          53  (16.1%)
  mixed           39  (11.9%)
  trend           35  (10.6%)
  chop            22  (6.7%)
  quiet_range     19  (5.8%)
  trend_vol       12  (3.6%)

[SPX] regime coverage — PER-TRADE expectancy (OOS, est_test_trades>=10):
  gap_go        DEMA 2+3+5 3x21|IB w10|TP35 only  train $48.8/t  test $31.5/t  (169 tr, 12.1/day, day-wr 50)
  gap_fade      DEMA 2+3 3x21|IB w50|TP75 only  train $345.6/t  test $247.4/t  (248 tr, 16.5/day, day-wr 73)
  gap_chop      DEMA 2m 3x9|IC 10w50|hold-to-settle  train $254.5/t  test $594.1/t  (444 tr, 29.6/day, day-wr 93)
  trend         HMA  3m 3x9|IC 20w50|hold-to-settle  train $114.8/t  test $65/t  (706 tr, 39.2/day, day-wr 78)
  trend_vol     DEMA 5m 3x21|15ITM w10|TP75 only  train $40/t  test $199/t  (66 tr, 10.9/day, day-wr 83)
  chop          HMA  3m 3x9|IB w50|hold-to-settle  train $395.2/t  test $148.2/t  (516 tr, 39.7/day, day-wr 62)
  quiet_range   DEMA 2+3+5 3x21|IB w50|hold-to-settle  train $470.1/t  test $650.6/t  (111 tr, 12.3/day, day-wr 89)
  mixed         HMA  2+3+5 3x21|IB±25 w25|hold-to-settle  train $37.1/t  test $119.9/t  (256 tr, 23.3/day, day-wr 73)

[NDX] regime coverage — PER-TRADE expectancy (OOS, est_test_trades>=10):
  gap_go        DEMA 2+3+5 3x12|IB w100|TP50 only  train $1223.6/t  test $650/t  (257 tr, 16.1/day, day-wr 75)
  gap_fade      DEMA 2+3 3x12|IC 30w100|TP50 only  train $1014.4/t  test $1447.8/t  (424 tr, 21.2/day, day-wr 90)
  gap_chop      DEMA 2+3 3x12|IB w100|TP50 only  train $1326.9/t  test $1522.5/t  (514 tr, 20.6/day, day-wr 84)
  trend         DEMA 2+3+5 3x12|IB w100|TP35 only  train $372.7/t  test $1160.1/t  (177 tr, 16.1/day, day-wr 82)
  trend_vol     DEMA 2+3+5 3x9|IC 20w100|TP25 only  train $480.6/t  test $1204.6/t  (76 tr, 19.1/day, day-wr 100)
  chop          DEMA 2+3+5 3x21|IB w100|TP50 only  train $1726.2/t  test $1926.3/t  (78 tr, 11.2/day, day-wr 86)
  quiet_range   DEMA 2+3 3x21|IB w100|TP75 only  train $1520.5/t  test $1943.5/t  (91 tr, 15.2/day, day-wr 83)
  mixed         DEMA 2+3+5 3x12|IB w80|TP75 only  train $1653.4/t  test $1432.2/t  (186 tr, 15.5/day, day-wr 83)

playbook.json updated (v49). SPX: 8/8 regimes covered; uncovered=[] | NDX: 8/8 regimes covered; uncovered=[]
===== done 2026-07-30T06:36:17Z =====
===== playbook cycle 2026-07-31T06:30:01Z =====
SPX: classified 328/328 days → /home/ubuntu/SPXer/scripts/autoresearch/playbook/regimes-spx.json
Regime distribution:
  trend           60  (18.3%)
  gap_chop        49  (14.9%)
  gap_fade        48  (14.6%)
  gap_go          46  (14.0%)
  chop            41  (12.5%)
  mixed           36  (11.0%)
  quiet_range     30  (9.1%)
  trend_vol       18  (5.5%)
NDX: classified 330/330 days → /home/ubuntu/SPXer/scripts/autoresearch/playbook/regimes-ndx.json
Regime distribution:
  gap_chop        82  (24.8%)
  gap_fade        67  (20.3%)
  gap_go          54  (16.4%)
  mixed           39  (11.8%)
  trend           35  (10.6%)
  chop            22  (6.7%)
  quiet_range     19  (5.8%)
  trend_vol       12  (3.6%)

[SPX] regime coverage — PER-TRADE expectancy (OOS, est_test_trades>=10):
  gap_go        HMA  3m 3x12|IC 20w30|hold-to-settle  train $54.9/t  test $38.5/t  (491 tr, 35.1/day, day-wr 71)
  gap_fade      DEMA 2+3 3x21|IB w50|TP75 only  train $345.5/t  test $247.4/t  (248 tr, 16.5/day, day-wr 73)
  gap_chop      DEMA 2m 3x9|IC 10w50|hold-to-settle  train $254.6/t  test $594.2/t  (444 tr, 29.6/day, day-wr 93)
  trend         HMA  3m 3x9|IC 20w50|hold-to-settle  train $114.8/t  test $65/t  (706 tr, 39.2/day, day-wr 78)
  trend_vol     DEMA 5m 3x21|15ITM w10|TP75 only  train $40/t  test $199.2/t  (66 tr, 10.9/day, day-wr 83)
  chop          HMA  3m 3x9|IB w50|hold-to-settle  train $395.1/t  test $148.2/t  (516 tr, 39.7/day, day-wr 62)
  quiet_range   DEMA 2+3+5 3x21|IB w50|hold-to-settle  train $469.9/t  test $650.3/t  (111 tr, 12.3/day, day-wr 89)
  mixed         HMA  2+3+5 3x21|IB±25 w25|hold-to-settle  train $37.1/t  test $120/t  (256 tr, 23.3/day, day-wr 73)

[NDX] regime coverage — PER-TRADE expectancy (OOS, est_test_trades>=10):
  gap_go        DEMA 2+3+5 3x12|IB w100|TP50 only  train $1223.6/t  test $650/t  (257 tr, 16.1/day, day-wr 75)
  gap_fade      DEMA 2+3 3x12|IC 30w100|TP50 only  train $1014.4/t  test $1447.8/t  (424 tr, 21.2/day, day-wr 90)
  gap_chop      DEMA 2+3 3x12|IB w100|TP50 only  train $1326.9/t  test $1522.5/t  (514 tr, 20.6/day, day-wr 84)
  trend         DEMA 2+3+5 3x12|IB w100|TP35 only  train $372.7/t  test $1160.1/t  (177 tr, 16.1/day, day-wr 82)
  trend_vol     DEMA 2+3+5 3x9|IC 20w100|TP25 only  train $480.6/t  test $1204.6/t  (76 tr, 19.1/day, day-wr 100)
  chop          DEMA 2+3+5 3x21|IB w100|TP50 only  train $1726.2/t  test $1926.3/t  (78 tr, 11.2/day, day-wr 86)
  quiet_range   DEMA 2+3 3x21|IB w100|TP75 only  train $1520.5/t  test $1943.5/t  (91 tr, 15.2/day, day-wr 83)
  mixed         DEMA 2+3+5 3x12|IB w80|TP75 only  train $1653.4/t  test $1432.2/t  (186 tr, 15.5/day, day-wr 83)

playbook.json updated (v50). SPX: 8/8 regimes covered; uncovered=[] | NDX: 8/8 regimes covered; uncovered=[]
===== done 2026-07-31T06:36:25Z =====
===== playbook cycle 2026-08-01T06:30:01Z =====
SPX: classified 329/329 days → /home/ubuntu/SPXer/scripts/autoresearch/playbook/regimes-spx.json
Regime distribution:
  trend           60  (18.2%)
  gap_chop        49  (14.9%)
  gap_fade        48  (14.6%)
  gap_go          46  (14.0%)
  chop            41  (12.5%)
  mixed           37  (11.2%)
  quiet_range     30  (9.1%)
  trend_vol       18  (5.5%)
NDX: classified 331/331 days → /home/ubuntu/SPXer/scripts/autoresearch/playbook/regimes-ndx.json
Regime distribution:
  gap_chop        82  (24.8%)
  gap_fade        68  (20.5%)
  gap_go          54  (16.3%)
  mixed           39  (11.8%)
  trend           35  (10.6%)
  chop            22  (6.6%)
  quiet_range     19  (5.7%)
  trend_vol       12  (3.6%)

[SPX] regime coverage — PER-TRADE expectancy (OOS, est_test_trades>=10):
  gap_go        HMA  3m 3x12|IC 20w30|hold-to-settle  train $54.9/t  test $38.5/t  (491 tr, 35.1/day, day-wr 71)
  gap_fade      DEMA 2+3 3x21|IB w50|TP75 only  train $345.3/t  test $247.3/t  (248 tr, 16.5/day, day-wr 73)
  gap_chop      DEMA 2m 3x9|IC 10w50|hold-to-settle  train $254.6/t  test $594.1/t  (444 tr, 29.6/day, day-wr 93)
  trend         HMA  3m 3x9|IC 20w50|hold-to-settle  train $114.8/t  test $65/t  (707 tr, 39.3/day, day-wr 78)
  trend_vol     DEMA 5m 3x21|15ITM w10|TP75 only  train $40/t  test $199.2/t  (66 tr, 10.9/day, day-wr 83)
  chop          HMA  3m 3x9|IB w50|hold-to-settle  train $395/t  test $148.2/t  (517 tr, 39.7/day, day-wr 62)
  quiet_range   DEMA 2+3+5 3x21|IB w50|hold-to-settle  train $469.9/t  test $650.4/t  (111 tr, 12.3/day, day-wr 89)
  mixed         HMA  2+3+5 3x21|IB±25 w25|hold-to-settle  train $37.1/t  test $113.9/t  (280 tr, 23.3/day, day-wr 75)

[NDX] regime coverage — PER-TRADE expectancy (OOS, est_test_trades>=10):
  gap_go        DEMA 2+3+5 3x12|IB w100|TP50 only  train $1223.6/t  test $650/t  (257 tr, 16.1/day, day-wr 75)
  gap_fade      DEMA 2+3 3x12|IC 30w100|TP50 only  train $1014.4/t  test $1447.8/t  (424 tr, 21.2/day, day-wr 90)
  gap_chop      DEMA 2+3 3x12|IB w100|TP50 only  train $1326.9/t  test $1522.5/t  (514 tr, 20.6/day, day-wr 84)
  trend         DEMA 2+3+5 3x12|IB w100|TP35 only  train $372.7/t  test $1160.1/t  (177 tr, 16.1/day, day-wr 82)
  trend_vol     DEMA 2+3+5 3x9|IC 20w100|TP25 only  train $480.6/t  test $1204.6/t  (76 tr, 19.1/day, day-wr 100)
  chop          DEMA 2+3+5 3x21|IB w100|TP50 only  train $1726.2/t  test $1926.3/t  (78 tr, 11.2/day, day-wr 86)
  quiet_range   DEMA 2+3 3x21|IB w100|TP75 only  train $1520.5/t  test $1943.5/t  (91 tr, 15.2/day, day-wr 83)
  mixed         DEMA 2+3+5 3x12|IB w80|TP75 only  train $1653.4/t  test $1432.2/t  (186 tr, 15.5/day, day-wr 83)

playbook.json updated (v51). SPX: 8/8 regimes covered; uncovered=[] | NDX: 8/8 regimes covered; uncovered=[]
===== done 2026-08-01T06:36:39Z =====
===== playbook cycle 2026-08-02T06:30:01Z =====
SPX: classified 329/329 days → /home/ubuntu/SPXer/scripts/autoresearch/playbook/regimes-spx.json
Regime distribution:
  trend           60  (18.2%)
  gap_chop        49  (14.9%)
  gap_fade        48  (14.6%)
  gap_go          46  (14.0%)
  chop            41  (12.5%)
  mixed           37  (11.2%)
  quiet_range     30  (9.1%)
  trend_vol       18  (5.5%)
NDX: classified 331/331 days → /home/ubuntu/SPXer/scripts/autoresearch/playbook/regimes-ndx.json
Regime distribution:
  gap_chop        82  (24.8%)
  gap_fade        68  (20.5%)
  gap_go          54  (16.3%)
  mixed           39  (11.8%)
  trend           35  (10.6%)
  chop            22  (6.6%)
  quiet_range     19  (5.7%)
  trend_vol       12  (3.6%)

[SPX] regime coverage — PER-TRADE expectancy (OOS, est_test_trades>=10):
  gap_go        HMA  3m 3x12|IC 20w30|hold-to-settle  train $54.9/t  test $38.5/t  (491 tr, 35.1/day, day-wr 71)
  gap_fade      DEMA 2+3 3x21|IB w50|TP75 only  train $345.3/t  test $247.3/t  (248 tr, 16.5/day, day-wr 73)
  gap_chop      DEMA 2m 3x9|IC 10w50|hold-to-settle  train $254.6/t  test $594.1/t  (444 tr, 29.6/day, day-wr 93)
  trend         HMA  3m 3x9|IC 20w50|hold-to-settle  train $114.8/t  test $65/t  (707 tr, 39.3/day, day-wr 78)
  trend_vol     DEMA 5m 3x21|15ITM w10|TP75 only  train $40/t  test $199.2/t  (66 tr, 10.9/day, day-wr 83)
  chop          HMA  3m 3x9|IB w50|hold-to-settle  train $395/t  test $148.2/t  (517 tr, 39.7/day, day-wr 62)
  quiet_range   DEMA 2+3+5 3x21|IB w50|hold-to-settle  train $469.9/t  test $650.4/t  (111 tr, 12.3/day, day-wr 89)
  mixed         HMA  2+3+5 3x21|IB±25 w25|hold-to-settle  train $37.1/t  test $113.9/t  (280 tr, 23.3/day, day-wr 75)

[NDX] regime coverage — PER-TRADE expectancy (OOS, est_test_trades>=10):
  gap_go        DEMA 2+3+5 3x12|IB w100|TP50 only  train $1223.6/t  test $650/t  (257 tr, 16.1/day, day-wr 75)
  gap_fade      DEMA 2+3 3x12|IC 30w100|TP50 only  train $1014.4/t  test $1447.8/t  (424 tr, 21.2/day, day-wr 90)
  gap_chop      DEMA 2+3 3x12|IB w100|TP50 only  train $1326.9/t  test $1522.5/t  (514 tr, 20.6/day, day-wr 84)
  trend         DEMA 2+3+5 3x12|IB w100|TP35 only  train $372.7/t  test $1160.1/t  (177 tr, 16.1/day, day-wr 82)
  trend_vol     DEMA 2+3+5 3x9|IC 20w100|TP25 only  train $480.6/t  test $1204.6/t  (76 tr, 19.1/day, day-wr 100)
  chop          DEMA 2+3+5 3x21|IB w100|TP50 only  train $1726.2/t  test $1926.3/t  (78 tr, 11.2/day, day-wr 86)
  quiet_range   DEMA 2+3 3x21|IB w100|TP75 only  train $1520.5/t  test $1943.5/t  (91 tr, 15.2/day, day-wr 83)
  mixed         DEMA 2+3+5 3x12|IB w80|TP75 only  train $1653.4/t  test $1432.2/t  (186 tr, 15.5/day, day-wr 83)

playbook.json updated (v52). SPX: 8/8 regimes covered; uncovered=[] | NDX: 8/8 regimes covered; uncovered=[]
===== done 2026-08-02T06:36:35Z =====
===== playbook cycle 2026-08-03T06:30:01Z =====
SPX: classified 329/329 days → /home/ubuntu/SPXer/scripts/autoresearch/playbook/regimes-spx.json
Regime distribution:
  trend           60  (18.2%)
  gap_chop        49  (14.9%)
  gap_fade        48  (14.6%)
  gap_go          46  (14.0%)
  chop            41  (12.5%)
  mixed           37  (11.2%)
  quiet_range     30  (9.1%)
  trend_vol       18  (5.5%)
NDX: classified 331/331 days → /home/ubuntu/SPXer/scripts/autoresearch/playbook/regimes-ndx.json
Regime distribution:
  gap_chop        82  (24.8%)
  gap_fade        68  (20.5%)
  gap_go          54  (16.3%)
  mixed           39  (11.8%)
  trend           35  (10.6%)
  chop            22  (6.6%)
  quiet_range     19  (5.7%)
  trend_vol       12  (3.6%)

[SPX] regime coverage — PER-TRADE expectancy (OOS, est_test_trades>=10):
  gap_go        HMA  3m 3x12|IC 20w30|hold-to-settle  train $54.9/t  test $38.5/t  (491 tr, 35.1/day, day-wr 71)
  gap_fade      DEMA 2+3 3x21|IB w50|TP75 only  train $345.3/t  test $247.3/t  (248 tr, 16.5/day, day-wr 73)
  gap_chop      DEMA 2m 3x9|IC 10w50|hold-to-settle  train $254.6/t  test $594.1/t  (444 tr, 29.6/day, day-wr 93)
  trend         HMA  3m 3x9|IC 20w50|hold-to-settle  train $114.8/t  test $65/t  (707 tr, 39.3/day, day-wr 78)
  trend_vol     DEMA 5m 3x21|15ITM w10|TP75 only  train $40/t  test $199.2/t  (66 tr, 10.9/day, day-wr 83)
  chop          HMA  3m 3x9|IB w50|hold-to-settle  train $395/t  test $148.2/t  (517 tr, 39.7/day, day-wr 62)
  quiet_range   DEMA 2+3+5 3x21|IB w50|hold-to-settle  train $469.9/t  test $650.4/t  (111 tr, 12.3/day, day-wr 89)
  mixed         HMA  2+3+5 3x21|IB±25 w25|hold-to-settle  train $37.1/t  test $113.9/t  (280 tr, 23.3/day, day-wr 75)

[NDX] regime coverage — PER-TRADE expectancy (OOS, est_test_trades>=10):
  gap_go        DEMA 2+3+5 3x12|IB w100|TP50 only  train $1223.6/t  test $650/t  (257 tr, 16.1/day, day-wr 75)
  gap_fade      DEMA 2+3 3x12|IC 30w100|TP50 only  train $1014.4/t  test $1447.8/t  (424 tr, 21.2/day, day-wr 90)
  gap_chop      DEMA 2+3 3x12|IB w100|TP50 only  train $1326.9/t  test $1522.5/t  (514 tr, 20.6/day, day-wr 84)
  trend         DEMA 2+3+5 3x12|IB w100|TP35 only  train $372.7/t  test $1160.1/t  (177 tr, 16.1/day, day-wr 82)
  trend_vol     DEMA 2+3+5 3x9|IC 20w100|TP25 only  train $480.6/t  test $1204.6/t  (76 tr, 19.1/day, day-wr 100)
  chop          DEMA 2+3+5 3x21|IB w100|TP50 only  train $1726.2/t  test $1926.3/t  (78 tr, 11.2/day, day-wr 86)
  quiet_range   DEMA 2+3 3x21|IB w100|TP75 only  train $1520.5/t  test $1943.5/t  (91 tr, 15.2/day, day-wr 83)
  mixed         DEMA 2+3+5 3x12|IB w80|TP75 only  train $1653.4/t  test $1432.2/t  (186 tr, 15.5/day, day-wr 83)

playbook.json updated (v53). SPX: 8/8 regimes covered; uncovered=[] | NDX: 8/8 regimes covered; uncovered=[]
===== done 2026-08-03T06:36:39Z =====
===== playbook cycle 2026-08-04T06:30:01Z =====
SPX: classified 330/330 days → /home/ubuntu/SPXer/scripts/autoresearch/playbook/regimes-spx.json
Regime distribution:
  trend           60  (18.2%)
  gap_chop        49  (14.8%)
  gap_fade        48  (14.5%)
  gap_go          47  (14.2%)
  chop            41  (12.4%)
  mixed           37  (11.2%)
  quiet_range     30  (9.1%)
  trend_vol       18  (5.5%)
NDX: classified 332/332 days → /home/ubuntu/SPXer/scripts/autoresearch/playbook/regimes-ndx.json
Regime distribution:
  gap_chop        82  (24.7%)
  gap_fade        68  (20.5%)
  gap_go          54  (16.3%)
  mixed           39  (11.7%)
  trend           36  (10.8%)
  chop            22  (6.6%)
  quiet_range     19  (5.7%)
  trend_vol       12  (3.6%)

[SPX] regime coverage — PER-TRADE expectancy (OOS, est_test_trades>=10):
  gap_go        DEMA 2+3+5 3x21|IB w10|TP35 only  train $42.4/t  test $33/t  (181 tr, 12/day, day-wr 53)
  gap_fade      DEMA 2+3 3x21|IB w50|TP75 only  train $345.8/t  test $247.6/t  (248 tr, 16.5/day, day-wr 73)
  gap_chop      DEMA 2m 3x9|IC 10w50|hold-to-settle  train $254.7/t  test $594.4/t  (443 tr, 29.6/day, day-wr 93)
  trend         HMA  3m 3x9|IC 20w50|hold-to-settle  train $114.8/t  test $65/t  (706 tr, 39.2/day, day-wr 78)
  trend_vol     DEMA 5m 3x21|15ITM w10|TP75 only  train $40/t  test $199.4/t  (65 tr, 10.9/day, day-wr 83)
  chop          HMA  3m 3x9|IB w50|hold-to-settle  train $395.2/t  test $148.2/t  (516 tr, 39.7/day, day-wr 62)
  quiet_range   DEMA 2+3+5 3x21|IB w50|hold-to-settle  train $470.5/t  test $651.2/t  (111 tr, 12.3/day, day-wr 89)
  mixed         HMA  2+3+5 3x21|IB±25 w25|hold-to-settle  train $37.1/t  test $113.9/t  (280 tr, 23.3/day, day-wr 75)

[NDX] regime coverage — PER-TRADE expectancy (OOS, est_test_trades>=10):
  gap_go        DEMA 2+3+5 3x12|IB w100|TP50 only  train $1223.6/t  test $650/t  (257 tr, 16.1/day, day-wr 75)
  gap_fade      DEMA 2+3 3x12|IC 30w100|TP50 only  train $1014.4/t  test $1447.8/t  (424 tr, 21.2/day, day-wr 90)
  gap_chop      DEMA 2+3 3x12|IB w100|TP50 only  train $1326.9/t  test $1522.5/t  (514 tr, 20.6/day, day-wr 84)
  trend         DEMA 2+3+5 3x12|IB w100|TP35 only  train $372.7/t  test $1160.1/t  (177 tr, 16.1/day, day-wr 82)
  trend_vol     DEMA 2+3+5 3x9|IC 20w100|TP25 only  train $480.6/t  test $1204.6/t  (76 tr, 19.1/day, day-wr 100)
  chop          DEMA 2+3+5 3x21|IB w100|TP50 only  train $1726.2/t  test $1926.3/t  (78 tr, 11.2/day, day-wr 86)
  quiet_range   DEMA 2+3 3x21|IB w100|TP75 only  train $1520.5/t  test $1943.5/t  (91 tr, 15.2/day, day-wr 83)
  mixed         DEMA 2+3+5 3x12|IB w80|TP75 only  train $1653.4/t  test $1432.2/t  (186 tr, 15.5/day, day-wr 83)

playbook.json updated (v54). SPX: 8/8 regimes covered; uncovered=[] | NDX: 8/8 regimes covered; uncovered=[]
===== done 2026-08-04T06:36:50Z =====
===== playbook cycle 2026-08-05T06:30:01Z =====
SPX: classified 331/331 days → /home/ubuntu/SPXer/scripts/autoresearch/playbook/regimes-spx.json
Regime distribution:
  trend           60  (18.1%)
  gap_chop        49  (14.8%)
  gap_fade        48  (14.5%)
  gap_go          48  (14.5%)
  chop            41  (12.4%)
  mixed           37  (11.2%)
  quiet_range     30  (9.1%)
  trend_vol       18  (5.4%)
NDX: classified 333/333 days → /home/ubuntu/SPXer/scripts/autoresearch/playbook/regimes-ndx.json
Regime distribution:
  gap_chop        82  (24.6%)
  gap_fade        68  (20.4%)
  gap_go          55  (16.5%)
  mixed           39  (11.7%)
  trend           36  (10.8%)
  chop            22  (6.6%)
  quiet_range     19  (5.7%)
  trend_vol       12  (3.6%)

[SPX] regime coverage — PER-TRADE expectancy (OOS, est_test_trades>=10):
  gap_go        DEMA 2+3+5 3x21|IB w10|TP35 only  train $41/t  test $22.8/t  (181 tr, 12/day, day-wr 53)
  gap_fade      DEMA 2+3 3x21|IB w50|TP75 only  train $345.8/t  test $247.6/t  (248 tr, 16.5/day, day-wr 73)
  gap_chop      DEMA 2m 3x9|IC 10w50|hold-to-settle  train $254.8/t  test $594.7/t  (443 tr, 29.5/day, day-wr 93)
  trend         HMA  3m 3x9|IC 20w50|hold-to-settle  train $114.8/t  test $65/t  (706 tr, 39.2/day, day-wr 78)
  trend_vol     DEMA 5m 3x21|15ITM w10|TP75 only  train $40/t  test $199.2/t  (66 tr, 10.9/day, day-wr 83)
  chop          HMA  3m 3x9|IB w50|hold-to-settle  train $395.3/t  test $148.3/t  (516 tr, 39.7/day, day-wr 62)
  quiet_range   DEMA 2+3+5 3x21|IB w50|hold-to-settle  train $470.6/t  test $651.3/t  (111 tr, 12.3/day, day-wr 89)
  mixed         HMA  2+3+5 3x21|IB±25 w25|hold-to-settle  train $37.1/t  test $113.9/t  (280 tr, 23.3/day, day-wr 75)

[NDX] regime coverage — PER-TRADE expectancy (OOS, est_test_trades>=10):
  gap_go        DEMA 2+3+5 3x12|IB w100|TP50 only  train $1223.6/t  test $650/t  (257 tr, 16.1/day, day-wr 75)
  gap_fade      DEMA 2+3 3x12|IC 30w100|TP50 only  train $1014.4/t  test $1447.8/t  (424 tr, 21.2/day, day-wr 90)
  gap_chop      DEMA 2+3 3x12|IB w100|TP50 only  train $1326.9/t  test $1522.5/t  (514 tr, 20.6/day, day-wr 84)
  trend         DEMA 2+3+5 3x12|IB w100|TP35 only  train $372.7/t  test $1160.1/t  (177 tr, 16.1/day, day-wr 82)
  trend_vol     DEMA 2+3+5 3x9|IC 20w100|TP25 only  train $480.6/t  test $1204.6/t  (76 tr, 19.1/day, day-wr 100)
  chop          DEMA 2+3+5 3x21|IB w100|TP50 only  train $1726.2/t  test $1926.3/t  (78 tr, 11.2/day, day-wr 86)
  quiet_range   DEMA 2+3 3x21|IB w100|TP75 only  train $1520.5/t  test $1943.5/t  (91 tr, 15.2/day, day-wr 83)
  mixed         DEMA 2+3+5 3x12|IB w80|TP75 only  train $1653.4/t  test $1432.2/t  (186 tr, 15.5/day, day-wr 83)

playbook.json updated (v55). SPX: 8/8 regimes covered; uncovered=[] | NDX: 8/8 regimes covered; uncovered=[]
===== done 2026-08-05T06:36:25Z =====
===== playbook cycle 2026-08-06T06:30:01Z =====
SPX: classified 332/332 days → /home/ubuntu/SPXer/scripts/autoresearch/playbook/regimes-spx.json
Regime distribution:
  trend           60  (18.1%)
  gap_fade        49  (14.8%)
  gap_chop        49  (14.8%)
  gap_go          48  (14.5%)
  chop            41  (12.3%)
  mixed           37  (11.1%)
  quiet_range     30  (9.0%)
  trend_vol       18  (5.4%)
NDX: classified 334/334 days → /home/ubuntu/SPXer/scripts/autoresearch/playbook/regimes-ndx.json
Regime distribution:
  gap_chop        82  (24.6%)
  gap_fade        69  (20.7%)
  gap_go          55  (16.5%)
  mixed           39  (11.7%)
  trend           36  (10.8%)
  chop            22  (6.6%)
  quiet_range     19  (5.7%)
  trend_vol       12  (3.6%)

[SPX] regime coverage — PER-TRADE expectancy (OOS, est_test_trades>=10):
  gap_go        DEMA 2+3+5 3x21|IB w10|TP35 only  train $41/t  test $22.8/t  (180 tr, 12/day, day-wr 53)
  gap_fade      DEMA 2+3 3x21|IB w50|TP75 only  train $368.9/t  test $266.8/t  (248 tr, 16.5/day, day-wr 73)
  gap_chop      DEMA 2m 3x9|IC 10w50|hold-to-settle  train $254.9/t  test $594.8/t  (443 tr, 29.5/day, day-wr 93)
  trend         HMA  3m 3x9|IC 20w50|hold-to-settle  train $114.8/t  test $65/t  (706 tr, 39.2/day, day-wr 78)
  trend_vol     DEMA 5m 3x21|15ITM w10|TP75 only  train $40.1/t  test $199.5/t  (65 tr, 10.9/day, day-wr 83)
  chop          HMA  3m 3x9|IB w50|hold-to-settle  train $395.3/t  test $148.3/t  (516 tr, 39.7/day, day-wr 62)
  quiet_range   DEMA 2+3+5 3x21|IB w50|hold-to-settle  train $471.1/t  test $651.9/t  (111 tr, 12.3/day, day-wr 89)
  mixed         HMA  2+3+5 3x21|IB±25 w25|hold-to-settle  train $37.1/t  test $113.9/t  (280 tr, 23.3/day, day-wr 75)

[NDX] regime coverage — PER-TRADE expectancy (OOS, est_test_trades>=10):
  gap_go        DEMA 2+3+5 3x12|IC 20w100|TP75 only  train $641.2/t  test $828.6/t  (281 tr, 16.5/day, day-wr 76)
  gap_fade      DEMA 2+3 3x12|IC 30w100|TP50 only  train $1013.2/t  test $1423.9/t  (445 tr, 21.2/day, day-wr 90)
  gap_chop      DEMA 2+3 3x12|IB w100|TP50 only  train $1324.8/t  test $1520.1/t  (515 tr, 20.6/day, day-wr 84)
  trend         DEMA 2+3+5 3x12|IB w100|TP35 only  train $391/t  test $1100.1/t  (177 tr, 16.1/day, day-wr 82)
  trend_vol     DEMA 2+3+5 3x9|IC 20w100|TP25 only  train $480.3/t  test $1203.7/t  (76 tr, 19.1/day, day-wr 100)
  chop          DEMA 2+3+5 3x21|IB w100|TP50 only  train $1728/t  test $1928.3/t  (78 tr, 11.2/day, day-wr 86)
  quiet_range   DEMA 2+3 3x21|IB w100|TP75 only  train $1518.9/t  test $1941.4/t  (91 tr, 15.2/day, day-wr 83)
  mixed         DEMA 2+3+5 3x12|IB w80|TP75 only  train $1653.4/t  test $1432.2/t  (186 tr, 15.5/day, day-wr 83)

playbook.json updated (v56). SPX: 8/8 regimes covered; uncovered=[] | NDX: 8/8 regimes covered; uncovered=[]
===== done 2026-08-06T06:36:33Z =====
===== playbook cycle 2026-08-07T06:30:01Z =====
SPX: classified 333/333 days → /home/ubuntu/SPXer/scripts/autoresearch/playbook/regimes-spx.json
Regime distribution:
  trend           60  (18.0%)
  gap_fade        49  (14.7%)
  gap_chop        49  (14.7%)
  gap_go          48  (14.4%)
  chop            42  (12.6%)
  mixed           37  (11.1%)
  quiet_range     30  (9.0%)
  trend_vol       18  (5.4%)
NDX: classified 335/335 days → /home/ubuntu/SPXer/scripts/autoresearch/playbook/regimes-ndx.json
Regime distribution:
  gap_chop        82  (24.5%)
  gap_fade        70  (20.9%)
  gap_go          55  (16.4%)
  mixed           39  (11.6%)
  trend           36  (10.7%)
  chop            22  (6.6%)
  quiet_range     19  (5.7%)
  trend_vol       12  (3.6%)
npm notice
npm notice New major version of npm available! 10.9.4 -> 12.0.2
npm notice Changelog: https://github.com/npm/cli/releases/tag/v12.0.2
npm notice To update run: npm install -g npm@12.0.2
npm notice

[SPX] regime coverage — PER-TRADE expectancy (OOS, est_test_trades>=10):
  gap_go        DEMA 2+3+5 3x21|IB w10|TP35 only  train $41/t  test $22.8/t  (180 tr, 12/day, day-wr 53)
  gap_fade      DEMA 2+3 3x21|IB w50|TP75 only  train $368.9/t  test $266.8/t  (248 tr, 16.5/day, day-wr 73)
  gap_chop      DEMA 2m 3x9|IC 10w50|hold-to-settle  train $254.8/t  test $594.8/t  (443 tr, 29.5/day, day-wr 93)
  trend         HMA  3m 3x9|IC 20w50|hold-to-settle  train $114.9/t  test $65/t  (706 tr, 39.2/day, day-wr 78)
  trend_vol     DEMA 5m 3x21|15ITM w10|TP75 only  train $40/t  test $199.2/t  (66 tr, 10.9/day, day-wr 83)
  chop          HMA  5m 3x9|IB w50|hold-to-settle  train $389.3/t  test $183.8/t  (416 tr, 32/day, day-wr 62)
  quiet_range   DEMA 2+3+5 3x21|IB w50|hold-to-settle  train $471/t  test $651.8/t  (111 tr, 12.3/day, day-wr 89)
  mixed         HMA  2+3+5 3x21|IB±25 w25|hold-to-settle  train $37.1/t  test $113.9/t  (280 tr, 23.3/day, day-wr 75)

[NDX] regime coverage — PER-TRADE expectancy (OOS, est_test_trades>=10):
  gap_go        DEMA 2+3+5 3x12|IC 20w100|TP75 only  train $641.2/t  test $828.6/t  (281 tr, 16.5/day, day-wr 76)
  gap_fade      DEMA 2+3 3x12|IC 30w100|TP50 only  train $1013.2/t  test $1423.9/t  (445 tr, 21.2/day, day-wr 90)
  gap_chop      DEMA 2+3 3x12|IB w100|TP50 only  train $1324.8/t  test $1520.1/t  (515 tr, 20.6/day, day-wr 84)
  trend         DEMA 2+3+5 3x12|IB w100|TP35 only  train $391/t  test $1100.1/t  (177 tr, 16.1/day, day-wr 82)
  trend_vol     DEMA 2+3+5 3x9|IC 20w100|TP25 only  train $480.3/t  test $1203.7/t  (76 tr, 19.1/day, day-wr 100)
  chop          DEMA 2+3+5 3x21|IB w100|TP50 only  train $1728/t  test $1928.3/t  (78 tr, 11.2/day, day-wr 86)
  quiet_range   DEMA 2+3 3x21|IB w100|TP75 only  train $1518.9/t  test $1941.4/t  (91 tr, 15.2/day, day-wr 83)
  mixed         DEMA 2+3+5 3x12|IB w80|TP75 only  train $1653.4/t  test $1432.2/t  (186 tr, 15.5/day, day-wr 83)

playbook.json updated (v57). SPX: 8/8 regimes covered; uncovered=[] | NDX: 8/8 regimes covered; uncovered=[]
===== done 2026-08-07T06:36:46Z =====
===== playbook cycle 2026-08-08T06:30:01Z =====
SPX: classified 334/334 days → /home/ubuntu/SPXer/scripts/autoresearch/playbook/regimes-spx.json
Regime distribution:
  trend           60  (18.0%)
  gap_chop        50  (15.0%)
  gap_fade        49  (14.7%)
  gap_go          48  (14.4%)
  chop            42  (12.6%)
  mixed           37  (11.1%)
  quiet_range     30  (9.0%)
  trend_vol       18  (5.4%)
NDX: classified 336/336 days → /home/ubuntu/SPXer/scripts/autoresearch/playbook/regimes-ndx.json
Regime distribution:
  gap_chop        82  (24.4%)
  gap_fade        71  (21.1%)
  gap_go          55  (16.4%)
  mixed           39  (11.6%)
  trend           36  (10.7%)
  chop            22  (6.5%)
  quiet_range     19  (5.7%)
  trend_vol       12  (3.6%)

[SPX] regime coverage — PER-TRADE expectancy (OOS, est_test_trades>=10):
  gap_go        DEMA 2+3+5 3x21|IB w10|TP35 only  train $41/t  test $22.8/t  (180 tr, 12/day, day-wr 53)
  gap_fade      DEMA 2+3 3x21|IB w50|TP75 only  train $368.9/t  test $266.8/t  (248 tr, 16.5/day, day-wr 73)
  gap_chop      DEMA 2m 3x9|IC 10w50|hold-to-settle  train $270.1/t  test $586/t  (443 tr, 29.5/day, day-wr 93)
  trend         HMA  3m 3x9|IC 20w50|hold-to-settle  train $114.9/t  test $65/t  (706 tr, 39.2/day, day-wr 78)
  trend_vol     DEMA 5m 3x21|15ITM w10|TP75 only  train $40/t  test $199.1/t  (66 tr, 10.9/day, day-wr 83)
  chop          HMA  5m 3x9|IB w50|hold-to-settle  train $389.4/t  test $183.8/t  (416 tr, 32/day, day-wr 62)
  quiet_range   DEMA 2+3+5 3x21|IB w50|hold-to-settle  train $471.4/t  test $652.4/t  (111 tr, 12.3/day, day-wr 89)
  mixed         HMA  2+3+5 3x21|IB±25 w25|hold-to-settle  train $37.1/t  test $113.9/t  (280 tr, 23.3/day, day-wr 75)

[NDX] regime coverage — PER-TRADE expectancy (OOS, est_test_trades>=10):
  gap_go        DEMA 2+3+5 3x12|IC 20w100|TP75 only  train $641.2/t  test $828.6/t  (281 tr, 16.5/day, day-wr 76)
  gap_fade      DEMA 2+3 3x12|IC 30w100|TP50 only  train $1013.2/t  test $1423.9/t  (445 tr, 21.2/day, day-wr 90)
  gap_chop      DEMA 2+3 3x12|IB w100|TP50 only  train $1324.8/t  test $1520.1/t  (515 tr, 20.6/day, day-wr 84)
  trend         DEMA 2+3+5 3x12|IB w100|TP35 only  train $391/t  test $1100.1/t  (177 tr, 16.1/day, day-wr 82)
  trend_vol     DEMA 2+3+5 3x9|IC 20w100|TP25 only  train $480.3/t  test $1203.7/t  (76 tr, 19.1/day, day-wr 100)
  chop          DEMA 2+3+5 3x21|IB w100|TP50 only  train $1728/t  test $1928.3/t  (78 tr, 11.2/day, day-wr 86)
  quiet_range   DEMA 2+3 3x21|IB w100|TP75 only  train $1518.9/t  test $1941.4/t  (91 tr, 15.2/day, day-wr 83)
  mixed         DEMA 2+3+5 3x12|IB w80|TP75 only  train $1653.4/t  test $1432.2/t  (186 tr, 15.5/day, day-wr 83)

playbook.json updated (v58). SPX: 8/8 regimes covered; uncovered=[] | NDX: 8/8 regimes covered; uncovered=[]
===== done 2026-08-08T06:36:55Z =====
===== playbook cycle 2026-08-09T06:30:01Z =====
SPX: classified 334/334 days → /home/ubuntu/SPXer/scripts/autoresearch/playbook/regimes-spx.json
Regime distribution:
  trend           60  (18.0%)
  gap_chop        50  (15.0%)
  gap_fade        49  (14.7%)
  gap_go          48  (14.4%)
  chop            42  (12.6%)
  mixed           37  (11.1%)
  quiet_range     30  (9.0%)
  trend_vol       18  (5.4%)
NDX: classified 336/336 days → /home/ubuntu/SPXer/scripts/autoresearch/playbook/regimes-ndx.json
Regime distribution:
  gap_chop        82  (24.4%)
  gap_fade        71  (21.1%)
  gap_go          55  (16.4%)
  mixed           39  (11.6%)
  trend           36  (10.7%)
  chop            22  (6.5%)
  quiet_range     19  (5.7%)
  trend_vol       12  (3.6%)

[SPX] regime coverage — PER-TRADE expectancy (OOS, est_test_trades>=10):
  gap_go        DEMA 2+3+5 3x21|IB w10|TP35 only  train $41/t  test $22.8/t  (180 tr, 12/day, day-wr 53)
  gap_fade      DEMA 2+3 3x21|IB w50|TP75 only  train $368.9/t  test $266.8/t  (248 tr, 16.5/day, day-wr 73)
  gap_chop      DEMA 2m 3x9|IC 10w50|hold-to-settle  train $270.1/t  test $586/t  (443 tr, 29.5/day, day-wr 93)
  trend         HMA  3m 3x9|IC 20w50|hold-to-settle  train $114.9/t  test $65/t  (706 tr, 39.2/day, day-wr 78)
  trend_vol     DEMA 5m 3x21|15ITM w10|TP75 only  train $40/t  test $199.1/t  (66 tr, 10.9/day, day-wr 83)
  chop          HMA  5m 3x9|IB w50|hold-to-settle  train $389.4/t  test $183.8/t  (416 tr, 32/day, day-wr 62)
  quiet_range   DEMA 2+3+5 3x21|IB w50|hold-to-settle  train $471.4/t  test $652.4/t  (111 tr, 12.3/day, day-wr 89)
  mixed         HMA  2+3+5 3x21|IB±25 w25|hold-to-settle  train $37.1/t  test $113.9/t  (280 tr, 23.3/day, day-wr 75)

[NDX] regime coverage — PER-TRADE expectancy (OOS, est_test_trades>=10):
  gap_go        DEMA 2+3+5 3x12|IC 20w100|TP75 only  train $641.2/t  test $828.6/t  (281 tr, 16.5/day, day-wr 76)
  gap_fade      DEMA 2+3 3x12|IC 30w100|TP50 only  train $1013.2/t  test $1423.9/t  (445 tr, 21.2/day, day-wr 90)
  gap_chop      DEMA 2+3 3x12|IB w100|TP50 only  train $1324.8/t  test $1520.1/t  (515 tr, 20.6/day, day-wr 84)
  trend         DEMA 2+3+5 3x12|IB w100|TP35 only  train $391/t  test $1100.1/t  (177 tr, 16.1/day, day-wr 82)
  trend_vol     DEMA 2+3+5 3x9|IC 20w100|TP25 only  train $480.3/t  test $1203.7/t  (76 tr, 19.1/day, day-wr 100)
  chop          DEMA 2+3+5 3x21|IB w100|TP50 only  train $1728/t  test $1928.3/t  (78 tr, 11.2/day, day-wr 86)
  quiet_range   DEMA 2+3 3x21|IB w100|TP75 only  train $1518.9/t  test $1941.4/t  (91 tr, 15.2/day, day-wr 83)
  mixed         DEMA 2+3+5 3x12|IB w80|TP75 only  train $1653.4/t  test $1432.2/t  (186 tr, 15.5/day, day-wr 83)

playbook.json updated (v59). SPX: 8/8 regimes covered; uncovered=[] | NDX: 8/8 regimes covered; uncovered=[]
===== done 2026-08-09T06:36:53Z =====
===== playbook cycle 2026-08-10T06:30:01Z =====
SPX: classified 334/334 days → /home/ubuntu/SPXer/scripts/autoresearch/playbook/regimes-spx.json
Regime distribution:
  trend           60  (18.0%)
  gap_chop        50  (15.0%)
  gap_fade        49  (14.7%)
  gap_go          48  (14.4%)
  chop            42  (12.6%)
  mixed           37  (11.1%)
  quiet_range     30  (9.0%)
  trend_vol       18  (5.4%)
NDX: classified 336/336 days → /home/ubuntu/SPXer/scripts/autoresearch/playbook/regimes-ndx.json
Regime distribution:
  gap_chop        82  (24.4%)
  gap_fade        71  (21.1%)
  gap_go          55  (16.4%)
  mixed           39  (11.6%)
  trend           36  (10.7%)
  chop            22  (6.5%)
  quiet_range     19  (5.7%)
  trend_vol       12  (3.6%)

[SPX] regime coverage — PER-TRADE expectancy (OOS, est_test_trades>=10):
  gap_go        DEMA 2+3+5 3x21|IB w10|TP35 only  train $41/t  test $22.8/t  (180 tr, 12/day, day-wr 53)
  gap_fade      DEMA 2+3 3x21|IB w50|TP75 only  train $368.9/t  test $266.8/t  (248 tr, 16.5/day, day-wr 73)
  gap_chop      DEMA 2m 3x9|IC 10w50|hold-to-settle  train $270.1/t  test $586/t  (443 tr, 29.5/day, day-wr 93)
  trend         HMA  3m 3x9|IC 20w50|hold-to-settle  train $114.9/t  test $65/t  (706 tr, 39.2/day, day-wr 78)
  trend_vol     DEMA 5m 3x21|15ITM w10|TP75 only  train $40/t  test $199.1/t  (66 tr, 10.9/day, day-wr 83)
  chop          HMA  5m 3x9|IB w50|hold-to-settle  train $389.4/t  test $183.8/t  (416 tr, 32/day, day-wr 62)
  quiet_range   DEMA 2+3+5 3x21|IB w50|hold-to-settle  train $471.4/t  test $652.4/t  (111 tr, 12.3/day, day-wr 89)
  mixed         HMA  2+3+5 3x21|IB±25 w25|hold-to-settle  train $37.1/t  test $113.9/t  (280 tr, 23.3/day, day-wr 75)

[NDX] regime coverage — PER-TRADE expectancy (OOS, est_test_trades>=10):
  gap_go        DEMA 2+3+5 3x12|IC 20w100|TP75 only  train $641.2/t  test $828.6/t  (281 tr, 16.5/day, day-wr 76)
  gap_fade      DEMA 2+3 3x12|IC 30w100|TP50 only  train $1013.2/t  test $1423.9/t  (445 tr, 21.2/day, day-wr 90)
  gap_chop      DEMA 2+3 3x12|IB w100|TP50 only  train $1324.8/t  test $1520.1/t  (515 tr, 20.6/day, day-wr 84)
  trend         DEMA 2+3+5 3x12|IB w100|TP35 only  train $391/t  test $1100.1/t  (177 tr, 16.1/day, day-wr 82)
  trend_vol     DEMA 2+3+5 3x9|IC 20w100|TP25 only  train $480.3/t  test $1203.7/t  (76 tr, 19.1/day, day-wr 100)
  chop          DEMA 2+3+5 3x21|IB w100|TP50 only  train $1728/t  test $1928.3/t  (78 tr, 11.2/day, day-wr 86)
  quiet_range   DEMA 2+3 3x21|IB w100|TP75 only  train $1518.9/t  test $1941.4/t  (91 tr, 15.2/day, day-wr 83)
  mixed         DEMA 2+3+5 3x12|IB w80|TP75 only  train $1653.4/t  test $1432.2/t  (186 tr, 15.5/day, day-wr 83)

playbook.json updated (v60). SPX: 8/8 regimes covered; uncovered=[] | NDX: 8/8 regimes covered; uncovered=[]
===== done 2026-08-10T06:36:56Z =====
===== playbook cycle 2026-08-11T06:30:01Z =====
SPX: classified 335/335 days → /home/ubuntu/SPXer/scripts/autoresearch/playbook/regimes-spx.json
Regime distribution:
  trend           60  (17.9%)
  gap_chop        50  (14.9%)
  gap_fade        49  (14.6%)
  gap_go          48  (14.3%)
  chop            42  (12.5%)
  mixed           37  (11.0%)
  quiet_range     31  (9.3%)
  trend_vol       18  (5.4%)
NDX: classified 337/337 days → /home/ubuntu/SPXer/scripts/autoresearch/playbook/regimes-ndx.json
Regime distribution:
  gap_chop        83  (24.6%)
  gap_fade        71  (21.1%)
  gap_go          55  (16.3%)
  mixed           39  (11.6%)
  trend           36  (10.7%)
  chop            22  (6.5%)
  quiet_range     19  (5.6%)
  trend_vol       12  (3.6%)

[SPX] regime coverage — PER-TRADE expectancy (OOS, est_test_trades>=10):
  gap_go        DEMA 2+3+5 3x21|IB w10|TP35 only  train $41.1/t  test $22.8/t  (180 tr, 12/day, day-wr 53)
  gap_fade      DEMA 2+3 3x21|IB w50|TP75 only  train $369.1/t  test $267/t  (248 tr, 16.5/day, day-wr 73)
  gap_chop      DEMA 2m 3x9|IC 10w50|hold-to-settle  train $270.2/t  test $586.3/t  (443 tr, 29.5/day, day-wr 93)
  trend         HMA  3m 3x9|IC 20w50|hold-to-settle  train $114.8/t  test $65/t  (706 tr, 39.2/day, day-wr 78)
  trend_vol     DEMA 5m 3x21|15ITM w10|TP75 only  train $40/t  test $199/t  (66 tr, 10.9/day, day-wr 83)
  chop          HMA  5m 3x9|IB w50|hold-to-settle  train $389.5/t  test $183.9/t  (416 tr, 32/day, day-wr 62)
  quiet_range   DEMA 2+3+5 3x21|IB w50|hold-to-settle  train $471.6/t  test $635.3/t  (123 tr, 12.3/day, day-wr 90)
  mixed         HMA  2+3+5 3x21|IB±25 w25|hold-to-settle  train $37.1/t  test $113.9/t  (280 tr, 23.3/day, day-wr 75)

[NDX] regime coverage — PER-TRADE expectancy (OOS, est_test_trades>=10):
  gap_go        DEMA 2+3+5 3x12|IC 20w100|TP75 only  train $641.2/t  test $828.6/t  (281 tr, 16.5/day, day-wr 76)
  gap_fade      DEMA 2+3 3x12|IC 30w100|TP50 only  train $1013.2/t  test $1423.9/t  (445 tr, 21.2/day, day-wr 90)
  gap_chop      DEMA 2+3 3x12|IB w100|TP50 only  train $1324.8/t  test $1520.1/t  (515 tr, 20.6/day, day-wr 84)
  trend         DEMA 2+3+5 3x12|IB w100|TP35 only  train $391/t  test $1100.1/t  (177 tr, 16.1/day, day-wr 82)
  trend_vol     DEMA 2+3+5 3x9|IC 20w100|TP25 only  train $480.3/t  test $1203.7/t  (76 tr, 19.1/day, day-wr 100)
  chop          DEMA 2+3+5 3x21|IB w100|TP50 only  train $1728/t  test $1928.3/t  (78 tr, 11.2/day, day-wr 86)
  quiet_range   DEMA 2+3 3x21|IB w100|TP75 only  train $1518.9/t  test $1941.4/t  (91 tr, 15.2/day, day-wr 83)
  mixed         DEMA 2+3+5 3x12|IB w80|TP75 only  train $1653.4/t  test $1432.2/t  (186 tr, 15.5/day, day-wr 83)

playbook.json updated (v61). SPX: 8/8 regimes covered; uncovered=[] | NDX: 8/8 regimes covered; uncovered=[]
===== done 2026-08-11T06:37:29Z =====
===== playbook cycle 2026-08-12T06:30:01Z =====
SPX: classified 336/336 days → /home/ubuntu/SPXer/scripts/autoresearch/playbook/regimes-spx.json
Regime distribution:
  trend           61  (18.2%)
  gap_chop        50  (14.9%)
  gap_fade        49  (14.6%)
  gap_go          48  (14.3%)
  chop            42  (12.5%)
  mixed           37  (11.0%)
  quiet_range     31  (9.2%)
  trend_vol       18  (5.4%)
NDX: classified 338/338 days → /home/ubuntu/SPXer/scripts/autoresearch/playbook/regimes-ndx.json
Regime distribution:
  gap_chop        83  (24.6%)
  gap_fade        71  (21.0%)
  gap_go          55  (16.3%)
  mixed           39  (11.5%)
  trend           37  (10.9%)
  chop            22  (6.5%)
  quiet_range     19  (5.6%)
  trend_vol       12  (3.6%)

[SPX] regime coverage — PER-TRADE expectancy (OOS, est_test_trades>=10):
  gap_go        DEMA 2+3+5 3x21|IB w10|TP35 only  train $41.1/t  test $22.8/t  (180 tr, 12/day, day-wr 53)
  gap_fade      DEMA 2+3 3x21|IB w50|TP75 only  train $369.3/t  test $267.1/t  (248 tr, 16.5/day, day-wr 73)
  gap_chop      DEMA 2m 3x9|IC 10w50|hold-to-settle  train $270.2/t  test $586.3/t  (443 tr, 29.5/day, day-wr 93)
  trend         HMA  3m 3x9|IC 20w50|hold-to-settle  train $114.9/t  test $62.5/t  (745 tr, 39.2/day, day-wr 79)
  trend_vol     DEMA 5m 3x21|15ITM w10|TP75 only  train $40/t  test $199/t  (66 tr, 10.9/day, day-wr 83)
  chop          HMA  5m 3x9|IB w50|hold-to-settle  train $389.5/t  test $183.9/t  (416 tr, 32/day, day-wr 62)
  quiet_range   DEMA 2+3+5 3x21|IB w50|hold-to-settle  train $471.7/t  test $635.4/t  (123 tr, 12.3/day, day-wr 90)
  mixed         HMA  2+3+5 3x21|IB±25 w25|hold-to-settle  train $37.1/t  test $114/t  (280 tr, 23.3/day, day-wr 75)

[NDX] regime coverage — PER-TRADE expectancy (OOS, est_test_trades>=10):
  gap_go        DEMA 2+3+5 3x12|IC 20w100|TP75 only  train $641.2/t  test $828.6/t  (281 tr, 16.5/day, day-wr 76)
  gap_fade      DEMA 2+3 3x12|IC 30w100|TP50 only  train $1013.2/t  test $1423.9/t  (445 tr, 21.2/day, day-wr 90)
  gap_chop      DEMA 2+3 3x12|IB w100|TP50 only  train $1324.8/t  test $1520.1/t  (515 tr, 20.6/day, day-wr 84)
  trend         DEMA 2+3+5 3x12|IB w100|TP35 only  train $391/t  test $1100.1/t  (177 tr, 16.1/day, day-wr 82)
  trend_vol     DEMA 2+3+5 3x9|IC 20w100|TP25 only  train $480.3/t  test $1203.7/t  (76 tr, 19.1/day, day-wr 100)
  chop          DEMA 2+3+5 3x21|IB w100|TP50 only  train $1728/t  test $1928.3/t  (78 tr, 11.2/day, day-wr 86)
  quiet_range   DEMA 2+3 3x21|IB w100|TP75 only  train $1518.9/t  test $1941.4/t  (91 tr, 15.2/day, day-wr 83)
  mixed         DEMA 2+3+5 3x12|IB w80|TP75 only  train $1653.4/t  test $1432.2/t  (186 tr, 15.5/day, day-wr 83)

playbook.json updated (v62). SPX: 8/8 regimes covered; uncovered=[] | NDX: 8/8 regimes covered; uncovered=[]
===== done 2026-08-12T06:37:30Z =====
===== playbook cycle 2026-08-13T06:30:01Z =====
SPX: classified 337/337 days → /home/ubuntu/SPXer/scripts/autoresearch/playbook/regimes-spx.json
Regime distribution:
  trend           61  (18.1%)
  gap_chop        51  (15.1%)
  gap_fade        49  (14.5%)
  gap_go          48  (14.2%)
  chop            42  (12.5%)
  mixed           37  (11.0%)
  quiet_range     31  (9.2%)
  trend_vol       18  (5.3%)
NDX: classified 339/339 days → /home/ubuntu/SPXer/scripts/autoresearch/playbook/regimes-ndx.json
Regime distribution:
  gap_chop        84  (24.8%)
  gap_fade        71  (20.9%)
  gap_go          55  (16.2%)
  mixed           39  (11.5%)
  trend           37  (10.9%)
  chop            22  (6.5%)
  quiet_range     19  (5.6%)
  trend_vol       12  (3.5%)

[SPX] regime coverage — PER-TRADE expectancy (OOS, est_test_trades>=10):
  gap_go        DEMA 2+3+5 3x21|IB w10|TP35 only  train $41/t  test $22.8/t  (180 tr, 12/day, day-wr 53)
  gap_fade      DEMA 2+3 3x21|IB w50|TP75 only  train $369.2/t  test $267.1/t  (248 tr, 16.5/day, day-wr 73)
  gap_chop      DEMA 2m 3x9|IC 10w50|hold-to-settle  train $270.1/t  test $594.2/t  (473 tr, 29.5/day, day-wr 94)
  trend         HMA  3m 3x9|IC 20w50|hold-to-settle  train $114.8/t  test $62.4/t  (746 tr, 39.2/day, day-wr 79)
  trend_vol     DEMA 5m 3x21|15ITM w10|TP75 only  train $39.9/t  test $198.9/t  (66 tr, 10.9/day, day-wr 83)
  chop          HMA  5m 3x9|IB w50|hold-to-settle  train $389.4/t  test $183.8/t  (416 tr, 32/day, day-wr 62)
  quiet_range   DEMA 2+3+5 3x21|IB w50|hold-to-settle  train $471.1/t  test $634.7/t  (123 tr, 12.3/day, day-wr 90)
  mixed         HMA  2+3+5 3x21|IB±25 w25|hold-to-settle  train $37.1/t  test $114/t  (279 tr, 23.3/day, day-wr 75)

[NDX] regime coverage — PER-TRADE expectancy (OOS, est_test_trades>=10):
  gap_go        DEMA 2+3+5 3x12|IC 20w100|TP75 only  train $641.2/t  test $828.6/t  (281 tr, 16.5/day, day-wr 76)
  gap_fade      DEMA 2+3 3x12|IC 30w100|TP50 only  train $1013.2/t  test $1423.9/t  (445 tr, 21.2/day, day-wr 90)
  gap_chop      DEMA 2+3 3x12|IB w100|TP50 only  train $1324.8/t  test $1520.1/t  (515 tr, 20.6/day, day-wr 84)
  trend         DEMA 2+3+5 3x12|IB w100|TP35 only  train $391/t  test $1100.1/t  (177 tr, 16.1/day, day-wr 82)
  trend_vol     DEMA 2+3+5 3x9|IC 20w100|TP25 only  train $480.3/t  test $1203.7/t  (76 tr, 19.1/day, day-wr 100)
  chop          DEMA 2+3+5 3x21|IB w100|TP50 only  train $1728/t  test $1928.3/t  (78 tr, 11.2/day, day-wr 86)
  quiet_range   DEMA 2+3 3x21|IB w100|TP75 only  train $1518.9/t  test $1941.4/t  (91 tr, 15.2/day, day-wr 83)
  mixed         DEMA 2+3+5 3x12|IB w80|TP75 only  train $1653.4/t  test $1432.2/t  (186 tr, 15.5/day, day-wr 83)

playbook.json updated (v63). SPX: 8/8 regimes covered; uncovered=[] | NDX: 8/8 regimes covered; uncovered=[]
===== done 2026-08-13T06:37:36Z =====
===== playbook cycle 2026-08-14T06:30:01Z =====
SPX: classified 338/338 days → /home/ubuntu/SPXer/scripts/autoresearch/playbook/regimes-spx.json
Regime distribution:
  trend           61  (18.0%)
  gap_chop        51  (15.1%)
  gap_fade        49  (14.5%)
  gap_go          49  (14.5%)
  chop            42  (12.4%)
  mixed           37  (10.9%)
  quiet_range     31  (9.2%)
  trend_vol       18  (5.3%)
NDX: classified 340/340 days → /home/ubuntu/SPXer/scripts/autoresearch/playbook/regimes-ndx.json
Regime distribution:
  gap_chop        84  (24.7%)
  gap_fade        71  (20.9%)
  gap_go          55  (16.2%)
  mixed           39  (11.5%)
  trend           38  (11.2%)
  chop            22  (6.5%)
  quiet_range     19  (5.6%)
  trend_vol       12  (3.5%)
npm notice
npm notice New major version of npm available! 10.9.4 -> 12.0.2
npm notice Changelog: https://github.com/npm/cli/releases/tag/v12.0.2
npm notice To update run: npm install -g npm@12.0.2
npm notice

[SPX] regime coverage — PER-TRADE expectancy (OOS, est_test_trades>=10):
  gap_go        DEMA 2+3+5 3x21|IB w10|TP35 only  train $40.7/t  test $11.7/t  (180 tr, 12/day, day-wr 47)
  gap_fade      DEMA 2+3 3x21|IB w50|TP75 only  train $369.5/t  test $267.3/t  (247 tr, 16.5/day, day-wr 73)
  gap_chop      DEMA 2m 3x9|IC 10w50|hold-to-settle  train $270.1/t  test $594.4/t  (473 tr, 29.5/day, day-wr 94)
  trend         HMA  3m 3x9|IC 20w50|hold-to-settle  train $114.9/t  test $62.5/t  (745 tr, 39.2/day, day-wr 79)
  trend_vol     DEMA 5m 3x21|15ITM w10|TP75 only  train $40/t  test $199.1/t  (66 tr, 10.9/day, day-wr 83)
  chop          HMA  5m 3x9|IB w50|hold-to-settle  train $389.4/t  test $183.8/t  (416 tr, 32/day, day-wr 62)
  quiet_range   DEMA 2+3+5 3x21|IB w50|hold-to-settle  train $471.4/t  test $635/t  (123 tr, 12.3/day, day-wr 90)
  mixed         HMA  2+3+5 3x21|IB±25 w25|hold-to-settle  train $37.1/t  test $114.1/t  (279 tr, 23.3/day, day-wr 75)

[NDX] regime coverage — PER-TRADE expectancy (OOS, est_test_trades>=10):
  gap_go        DEMA 2+3+5 3x12|IC 20w100|TP75 only  train $641.2/t  test $828.6/t  (281 tr, 16.5/day, day-wr 76)
  gap_fade      DEMA 2+3 3x12|IC 30w100|TP50 only  train $1013.2/t  test $1423.9/t  (445 tr, 21.2/day, day-wr 90)
  gap_chop      DEMA 2+3 3x12|IB w100|TP50 only  train $1324.8/t  test $1520.1/t  (515 tr, 20.6/day, day-wr 84)
  trend         DEMA 2+3+5 3x12|IB w100|TP35 only  train $391/t  test $1100.1/t  (177 tr, 16.1/day, day-wr 82)
  trend_vol     DEMA 2+3+5 3x9|IC 20w100|TP25 only  train $480.3/t  test $1203.7/t  (76 tr, 19.1/day, day-wr 100)
  chop          DEMA 2+3+5 3x21|IB w100|TP50 only  train $1728/t  test $1928.3/t  (78 tr, 11.2/day, day-wr 86)
  quiet_range   DEMA 2+3 3x21|IB w100|TP75 only  train $1518.9/t  test $1941.4/t  (91 tr, 15.2/day, day-wr 83)
  mixed         DEMA 2+3+5 3x12|IB w80|TP75 only  train $1653.4/t  test $1432.2/t  (186 tr, 15.5/day, day-wr 83)

playbook.json updated (v64). SPX: 8/8 regimes covered; uncovered=[] | NDX: 8/8 regimes covered; uncovered=[]
===== done 2026-08-14T06:37:44Z =====
===== playbook cycle 2026-08-15T06:30:01Z =====
SPX: classified 339/339 days → /home/ubuntu/SPXer/scripts/autoresearch/playbook/regimes-spx.json
Regime distribution:
  trend           62  (18.3%)
  gap_chop        51  (15.0%)
  gap_fade        49  (14.5%)
  gap_go          49  (14.5%)
  chop            42  (12.4%)
  mixed           37  (10.9%)
  quiet_range     31  (9.1%)
  trend_vol       18  (5.3%)
NDX: classified 341/341 days → /home/ubuntu/SPXer/scripts/autoresearch/playbook/regimes-ndx.json
Regime distribution:
  gap_chop        84  (24.6%)
  gap_fade        71  (20.8%)
  gap_go          55  (16.1%)
  mixed           40  (11.7%)
  trend           38  (11.1%)
  chop            22  (6.5%)
  quiet_range     19  (5.6%)
  trend_vol       12  (3.5%)

[SPX] regime coverage — PER-TRADE expectancy (OOS, est_test_trades>=10):
  gap_go        DEMA 2+3+5 3x21|IB w10|TP35 only  train $40.7/t  test $11.7/t  (181 tr, 12/day, day-wr 47)
  gap_fade      DEMA 2+3 3x21|IB w50|TP75 only  train $369.5/t  test $267.3/t  (247 tr, 16.5/day, day-wr 73)
  gap_chop      DEMA 2m 3x9|IC 10w50|hold-to-settle  train $270.2/t  test $594.5/t  (473 tr, 29.5/day, day-wr 94)
  trend         HMA  3m 3x9|IB w50|hold-to-settle  train $233.7/t  test $61/t  (754 tr, 39.7/day, day-wr 68)
  trend_vol     DEMA 5m 3x21|15ITM w10|TP75 only  train $40/t  test $199/t  (66 tr, 10.9/day, day-wr 83)
  chop          HMA  5m 3x9|IB w50|hold-to-settle  train $389.4/t  test $183.8/t  (416 tr, 32/day, day-wr 62)
  quiet_range   DEMA 2+3+5 3x21|IB w50|hold-to-settle  train $471.1/t  test $634.6/t  (123 tr, 12.3/day, day-wr 90)
  mixed         HMA  2+3+5 3x21|IB±25 w25|hold-to-settle  train $37.1/t  test $114/t  (279 tr, 23.3/day, day-wr 75)

[NDX] regime coverage — PER-TRADE expectancy (OOS, est_test_trades>=10):
  gap_go        DEMA 2+3+5 3x12|IC 20w100|TP75 only  train $641.2/t  test $828.6/t  (281 tr, 16.5/day, day-wr 76)
  gap_fade      DEMA 2+3 3x12|IC 30w100|TP50 only  train $1013.2/t  test $1423.9/t  (445 tr, 21.2/day, day-wr 90)
  gap_chop      DEMA 2+3 3x12|IB w100|TP50 only  train $1324.8/t  test $1520.1/t  (515 tr, 20.6/day, day-wr 84)
  trend         DEMA 2+3+5 3x12|IB w100|TP35 only  train $391/t  test $1100.1/t  (177 tr, 16.1/day, day-wr 82)
  trend_vol     DEMA 2+3+5 3x9|IC 20w100|TP25 only  train $480.3/t  test $1203.7/t  (76 tr, 19.1/day, day-wr 100)
  chop          DEMA 2+3+5 3x21|IB w100|TP50 only  train $1728/t  test $1928.3/t  (78 tr, 11.2/day, day-wr 86)
  quiet_range   DEMA 2+3 3x21|IB w100|TP75 only  train $1518.9/t  test $1941.4/t  (91 tr, 15.2/day, day-wr 83)
  mixed         DEMA 2+3+5 3x12|IB w80|TP75 only  train $1653.4/t  test $1432.2/t  (186 tr, 15.5/day, day-wr 83)

playbook.json updated (v65). SPX: 8/8 regimes covered; uncovered=[] | NDX: 8/8 regimes covered; uncovered=[]
===== done 2026-08-15T06:37:54Z =====
===== playbook cycle 2026-08-16T06:30:01Z =====
SPX: classified 339/339 days → /home/ubuntu/SPXer/scripts/autoresearch/playbook/regimes-spx.json
Regime distribution:
  trend           62  (18.3%)
  gap_chop        51  (15.0%)
  gap_fade        49  (14.5%)
  gap_go          49  (14.5%)
  chop            42  (12.4%)
  mixed           37  (10.9%)
  quiet_range     31  (9.1%)
  trend_vol       18  (5.3%)
NDX: classified 341/341 days → /home/ubuntu/SPXer/scripts/autoresearch/playbook/regimes-ndx.json
Regime distribution:
  gap_chop        84  (24.6%)
  gap_fade        71  (20.8%)
  gap_go          55  (16.1%)
  mixed           40  (11.7%)
  trend           38  (11.1%)
  chop            22  (6.5%)
  quiet_range     19  (5.6%)
  trend_vol       12  (3.5%)

[SPX] regime coverage — PER-TRADE expectancy (OOS, est_test_trades>=10):
  gap_go        DEMA 2+3+5 3x21|IB w10|TP35 only  train $40.7/t  test $11.7/t  (181 tr, 12/day, day-wr 47)
  gap_fade      DEMA 2+3 3x21|IB w50|TP75 only  train $369.5/t  test $267.3/t  (247 tr, 16.5/day, day-wr 73)
  gap_chop      DEMA 2m 3x9|IC 10w50|hold-to-settle  train $270.2/t  test $594.5/t  (473 tr, 29.5/day, day-wr 94)
  trend         HMA  3m 3x9|IB w50|hold-to-settle  train $233.7/t  test $61/t  (754 tr, 39.7/day, day-wr 68)
  trend_vol     DEMA 5m 3x21|15ITM w10|TP75 only  train $40/t  test $199/t  (66 tr, 10.9/day, day-wr 83)
  chop          HMA  5m 3x9|IB w50|hold-to-settle  train $389.4/t  test $183.8/t  (416 tr, 32/day, day-wr 62)
  quiet_range   DEMA 2+3+5 3x21|IB w50|hold-to-settle  train $471.1/t  test $634.6/t  (123 tr, 12.3/day, day-wr 90)
  mixed         HMA  2+3+5 3x21|IB±25 w25|hold-to-settle  train $37.1/t  test $114/t  (279 tr, 23.3/day, day-wr 75)

[NDX] regime coverage — PER-TRADE expectancy (OOS, est_test_trades>=10):
  gap_go        DEMA 2+3+5 3x12|IC 20w100|TP75 only  train $641.2/t  test $828.6/t  (281 tr, 16.5/day, day-wr 76)
  gap_fade      DEMA 2+3 3x12|IC 30w100|TP50 only  train $1013.2/t  test $1423.9/t  (445 tr, 21.2/day, day-wr 90)
  gap_chop      DEMA 2+3 3x12|IB w100|TP50 only  train $1324.8/t  test $1520.1/t  (515 tr, 20.6/day, day-wr 84)
  trend         DEMA 2+3+5 3x12|IB w100|TP35 only  train $391/t  test $1100.1/t  (177 tr, 16.1/day, day-wr 82)
  trend_vol     DEMA 2+3+5 3x9|IC 20w100|TP25 only  train $480.3/t  test $1203.7/t  (76 tr, 19.1/day, day-wr 100)
  chop          DEMA 2+3+5 3x21|IB w100|TP50 only  train $1728/t  test $1928.3/t  (78 tr, 11.2/day, day-wr 86)
  quiet_range   DEMA 2+3 3x21|IB w100|TP75 only  train $1518.9/t  test $1941.4/t  (91 tr, 15.2/day, day-wr 83)
  mixed         DEMA 2+3+5 3x12|IB w80|TP75 only  train $1653.4/t  test $1432.2/t  (186 tr, 15.5/day, day-wr 83)

playbook.json updated (v66). SPX: 8/8 regimes covered; uncovered=[] | NDX: 8/8 regimes covered; uncovered=[]
===== done 2026-08-16T06:37:57Z =====
===== playbook cycle 2026-08-17T06:30:01Z =====
SPX: classified 339/339 days → /home/ubuntu/SPXer/scripts/autoresearch/playbook/regimes-spx.json
Regime distribution:
  trend           62  (18.3%)
  gap_chop        51  (15.0%)
  gap_fade        49  (14.5%)
  gap_go          49  (14.5%)
  chop            42  (12.4%)
  mixed           37  (10.9%)
  quiet_range     31  (9.1%)
  trend_vol       18  (5.3%)
NDX: classified 341/341 days → /home/ubuntu/SPXer/scripts/autoresearch/playbook/regimes-ndx.json
Regime distribution:
  gap_chop        84  (24.6%)
  gap_fade        71  (20.8%)
  gap_go          55  (16.1%)
  mixed           40  (11.7%)
  trend           38  (11.1%)
  chop            22  (6.5%)
  quiet_range     19  (5.6%)
  trend_vol       12  (3.5%)

[SPX] regime coverage — PER-TRADE expectancy (OOS, est_test_trades>=10):
  gap_go        DEMA 2+3+5 3x21|IB w10|TP35 only  train $40.7/t  test $11.7/t  (181 tr, 12/day, day-wr 47)
  gap_fade      DEMA 2+3 3x21|IB w50|TP75 only  train $369.5/t  test $267.3/t  (247 tr, 16.5/day, day-wr 73)
  gap_chop      DEMA 2m 3x9|IC 10w50|hold-to-settle  train $270.2/t  test $594.5/t  (473 tr, 29.5/day, day-wr 94)
  trend         HMA  3m 3x9|IB w50|hold-to-settle  train $233.7/t  test $61/t  (754 tr, 39.7/day, day-wr 68)
  trend_vol     DEMA 5m 3x21|15ITM w10|TP75 only  train $40/t  test $199/t  (66 tr, 10.9/day, day-wr 83)
  chop          HMA  5m 3x9|IB w50|hold-to-settle  train $389.4/t  test $183.8/t  (416 tr, 32/day, day-wr 62)
  quiet_range   DEMA 2+3+5 3x21|IB w50|hold-to-settle  train $471.1/t  test $634.6/t  (123 tr, 12.3/day, day-wr 90)
  mixed         HMA  2+3+5 3x21|IB±25 w25|hold-to-settle  train $37.1/t  test $114/t  (279 tr, 23.3/day, day-wr 75)

[NDX] regime coverage — PER-TRADE expectancy (OOS, est_test_trades>=10):
  gap_go        DEMA 2+3+5 3x12|IC 20w100|TP75 only  train $641.2/t  test $828.6/t  (281 tr, 16.5/day, day-wr 76)
  gap_fade      DEMA 2+3 3x12|IC 30w100|TP50 only  train $1013.2/t  test $1423.9/t  (445 tr, 21.2/day, day-wr 90)
  gap_chop      DEMA 2+3 3x12|IB w100|TP50 only  train $1324.8/t  test $1520.1/t  (515 tr, 20.6/day, day-wr 84)
  trend         DEMA 2+3+5 3x12|IB w100|TP35 only  train $391/t  test $1100.1/t  (177 tr, 16.1/day, day-wr 82)
  trend_vol     DEMA 2+3+5 3x9|IC 20w100|TP25 only  train $480.3/t  test $1203.7/t  (76 tr, 19.1/day, day-wr 100)
  chop          DEMA 2+3+5 3x21|IB w100|TP50 only  train $1728/t  test $1928.3/t  (78 tr, 11.2/day, day-wr 86)
  quiet_range   DEMA 2+3 3x21|IB w100|TP75 only  train $1518.9/t  test $1941.4/t  (91 tr, 15.2/day, day-wr 83)
  mixed         DEMA 2+3+5 3x12|IB w80|TP75 only  train $1653.4/t  test $1432.2/t  (186 tr, 15.5/day, day-wr 83)

playbook.json updated (v67). SPX: 8/8 regimes covered; uncovered=[] | NDX: 8/8 regimes covered; uncovered=[]
===== done 2026-08-17T06:37:52Z =====
===== playbook cycle 2026-08-18T06:30:01Z =====
SPX: classified 340/340 days → /home/ubuntu/SPXer/scripts/autoresearch/playbook/regimes-spx.json
Regime distribution:
  trend           63  (18.5%)
  gap_chop        51  (15.0%)
  gap_fade        49  (14.4%)
  gap_go          49  (14.4%)
  chop            42  (12.4%)
  mixed           37  (10.9%)
  quiet_range     31  (9.1%)
  trend_vol       18  (5.3%)
NDX: classified 342/342 days → /home/ubuntu/SPXer/scripts/autoresearch/playbook/regimes-ndx.json
Regime distribution:
  gap_chop        84  (24.6%)
  gap_fade        71  (20.8%)
  gap_go          55  (16.1%)
  mixed           40  (11.7%)
  trend           39  (11.4%)
  chop            22  (6.4%)
  quiet_range     19  (5.6%)
  trend_vol       12  (3.5%)

[SPX] regime coverage — PER-TRADE expectancy (OOS, est_test_trades>=10):
  gap_go        DEMA 2+3+5 3x21|IB w10|TP35 only  train $40.7/t  test $11.7/t  (180 tr, 12/day, day-wr 47)
  gap_fade      DEMA 2+3 3x21|IB w50|TP75 only  train $369.5/t  test $267.3/t  (247 tr, 16.5/day, day-wr 73)
  gap_chop      DEMA 2m 3x9|IC 10w50|hold-to-settle  train $270.1/t  test $594.4/t  (473 tr, 29.5/day, day-wr 94)
  trend         HMA  3m 3x9|IC 20w50|hold-to-settle  train $119/t  test $45.1/t  (745 tr, 39.2/day, day-wr 74)
  trend_vol     DEMA 5m 3x21|15ITM w10|TP75 only  train $40/t  test $199/t  (66 tr, 10.9/day, day-wr 83)
  chop          HMA  5m 3x9|IB w50|hold-to-settle  train $389.2/t  test $183.7/t  (417 tr, 32/day, day-wr 62)
  quiet_range   DEMA 2+3+5 3x21|IB w50|hold-to-settle  train $471.2/t  test $634.8/t  (123 tr, 12.3/day, day-wr 90)
  mixed         HMA  2+3+5 3x21|IB±25 w25|hold-to-settle  train $37.1/t  test $113.9/t  (280 tr, 23.3/day, day-wr 75)

[NDX] regime coverage — PER-TRADE expectancy (OOS, est_test_trades>=10):
  gap_go        DEMA 2+3+5 3x12|IC 20w100|TP75 only  train $641.2/t  test $828.6/t  (281 tr, 16.5/day, day-wr 76)
  gap_fade      DEMA 2+3 3x12|IC 30w100|TP50 only  train $1013.2/t  test $1423.9/t  (445 tr, 21.2/day, day-wr 90)
  gap_chop      DEMA 2+3 3x12|IB w100|TP50 only  train $1324.8/t  test $1520.1/t  (515 tr, 20.6/day, day-wr 84)
  trend         DEMA 2+3+5 3x12|IB w100|TP35 only  train $391/t  test $1100.1/t  (177 tr, 16.1/day, day-wr 82)
  trend_vol     DEMA 2+3+5 3x9|IC 20w100|TP25 only  train $480.3/t  test $1203.7/t  (76 tr, 19.1/day, day-wr 100)
  chop          DEMA 2+3+5 3x21|IB w100|TP50 only  train $1728/t  test $1928.3/t  (78 tr, 11.2/day, day-wr 86)
  quiet_range   DEMA 2+3 3x21|IB w100|TP75 only  train $1518.9/t  test $1941.4/t  (91 tr, 15.2/day, day-wr 83)
  mixed         DEMA 2+3+5 3x12|IB w80|TP75 only  train $1653.4/t  test $1432.2/t  (186 tr, 15.5/day, day-wr 83)

playbook.json updated (v68). SPX: 8/8 regimes covered; uncovered=[] | NDX: 8/8 regimes covered; uncovered=[]
===== done 2026-08-18T06:38:03Z =====
===== playbook cycle 2026-08-19T06:30:02Z =====
SPX: classified 341/341 days → /home/ubuntu/SPXer/scripts/autoresearch/playbook/regimes-spx.json
Regime distribution:
  trend           63  (18.5%)
  gap_chop        51  (15.0%)
  gap_go          50  (14.7%)
  gap_fade        49  (14.4%)
  chop            42  (12.3%)
  mixed           37  (10.9%)
  quiet_range     31  (9.1%)
  trend_vol       18  (5.3%)
NDX: classified 343/343 days → /home/ubuntu/SPXer/scripts/autoresearch/playbook/regimes-ndx.json
Regime distribution:
  gap_chop        85  (24.8%)
  gap_fade        71  (20.7%)
  gap_go          55  (16.0%)
  mixed           40  (11.7%)
  trend           39  (11.4%)
  chop            22  (6.4%)
  quiet_range     19  (5.5%)
  trend_vol       12  (3.5%)

[SPX] regime coverage — PER-TRADE expectancy (OOS, est_test_trades>=10):
  gap_go        DEMA 2+3+5 3x21|IB w10|TP35 only  train $39.4/t  test $32.7/t  (180 tr, 12/day, day-wr 53)
  gap_fade      DEMA 2+3 3x21|IB w50|TP75 only  train $369.4/t  test $267.2/t  (248 tr, 16.5/day, day-wr 73)
  gap_chop      DEMA 2m 3x9|IC 10w50|hold-to-settle  train $269.9/t  test $593.9/t  (473 tr, 29.6/day, day-wr 94)
  trend         HMA  3m 3x9|IC 20w50|hold-to-settle  train $118.9/t  test $45.1/t  (745 tr, 39.2/day, day-wr 74)
  trend_vol     DEMA 5m 3x21|15ITM w10|TP75 only  train $40/t  test $199.2/t  (66 tr, 10.9/day, day-wr 83)
  chop          HMA  5m 3x9|IB w50|hold-to-settle  train $389.1/t  test $183.7/t  (417 tr, 32/day, day-wr 62)
  quiet_range   DEMA 2+3+5 3x21|IB w50|hold-to-settle  train $471.3/t  test $634.8/t  (123 tr, 12.3/day, day-wr 90)
  mixed         HMA  2+3+5 3x21|IB±25 w25|hold-to-settle  train $37.1/t  test $114/t  (279 tr, 23.3/day, day-wr 75)

[NDX] regime coverage — PER-TRADE expectancy (OOS, est_test_trades>=10):
  gap_go        DEMA 2+3+5 3x12|IC 20w100|TP75 only  train $641.2/t  test $828.6/t  (281 tr, 16.5/day, day-wr 76)
  gap_fade      DEMA 2+3 3x12|IC 30w100|TP50 only  train $1013.2/t  test $1423.9/t  (445 tr, 21.2/day, day-wr 90)
  gap_chop      DEMA 2+3 3x12|IB w100|TP50 only  train $1324.8/t  test $1520.1/t  (515 tr, 20.6/day, day-wr 84)
  trend         DEMA 2+3+5 3x12|IB w100|TP35 only  train $391/t  test $1100.1/t  (177 tr, 16.1/day, day-wr 82)
  trend_vol     DEMA 2+3+5 3x9|IC 20w100|TP25 only  train $480.3/t  test $1203.7/t  (76 tr, 19.1/day, day-wr 100)
  chop          DEMA 2+3+5 3x21|IB w100|TP50 only  train $1728/t  test $1928.3/t  (78 tr, 11.2/day, day-wr 86)
  quiet_range   DEMA 2+3 3x21|IB w100|TP75 only  train $1518.9/t  test $1941.4/t  (91 tr, 15.2/day, day-wr 83)
  mixed         DEMA 2+3+5 3x12|IB w80|TP75 only  train $1653.4/t  test $1432.2/t  (186 tr, 15.5/day, day-wr 83)

playbook.json updated (v69). SPX: 8/8 regimes covered; uncovered=[] | NDX: 8/8 regimes covered; uncovered=[]
===== done 2026-08-19T06:38:19Z =====
===== playbook cycle 2026-08-20T06:30:01Z =====
SPX: classified 342/342 days → /home/ubuntu/SPXer/scripts/autoresearch/playbook/regimes-spx.json
Regime distribution:
  trend           63  (18.4%)
  gap_chop        52  (15.2%)
  gap_go          50  (14.6%)
  gap_fade        49  (14.3%)
  chop            42  (12.3%)
  mixed           37  (10.8%)
  quiet_range     31  (9.1%)
  trend_vol       18  (5.3%)
NDX: classified 344/344 days → /home/ubuntu/SPXer/scripts/autoresearch/playbook/regimes-ndx.json
Regime distribution:
  gap_chop        85  (24.7%)
  gap_fade        72  (20.9%)
  gap_go          55  (16.0%)
  mixed           40  (11.6%)
  trend           39  (11.3%)
  chop            22  (6.4%)
  quiet_range     19  (5.5%)
  trend_vol       12  (3.5%)

[SPX] regime coverage — PER-TRADE expectancy (OOS, est_test_trades>=10):
  gap_go        DEMA 2+3+5 3x21|IB w10|TP35 only  train $39.4/t  test $32.7/t  (181 tr, 12/day, day-wr 53)
  gap_fade      DEMA 2+3 3x21|IB w50|TP75 only  train $369.2/t  test $267.1/t  (248 tr, 16.5/day, day-wr 73)
  gap_chop      DEMA 2m 3x9|IC 10w50|hold-to-settle  train $284.9/t  test $562.1/t  (473 tr, 29.6/day, day-wr 94)
  trend         HMA  3m 3x9|IC 20w50|hold-to-settle  train $118.9/t  test $45.1/t  (745 tr, 39.2/day, day-wr 74)
  trend_vol     DEMA 5m 3x21|15ITM w10|TP75 only  train $40/t  test $199.3/t  (65 tr, 10.9/day, day-wr 83)
  chop          HMA  5m 3x9|IB w50|hold-to-settle  train $389.2/t  test $183.8/t  (417 tr, 32/day, day-wr 62)
  quiet_range   DEMA 2+3+5 3x21|IB w50|hold-to-settle  train $471.1/t  test $634.6/t  (123 tr, 12.3/day, day-wr 90)
  mixed         HMA  2+3+5 3x21|IB±25 w25|hold-to-settle  train $37.1/t  test $113.9/t  (280 tr, 23.3/day, day-wr 75)

[NDX] regime coverage — PER-TRADE expectancy (OOS, est_test_trades>=10):
  gap_go        DEMA 2+3+5 3x12|IC 20w100|TP75 only  train $641.2/t  test $828.6/t  (281 tr, 16.5/day, day-wr 76)
  gap_fade      DEMA 2+3 3x12|IC 30w100|TP50 only  train $1013.2/t  test $1423.9/t  (445 tr, 21.2/day, day-wr 90)
  gap_chop      DEMA 2+3 3x12|IB w100|TP50 only  train $1324.8/t  test $1520.1/t  (515 tr, 20.6/day, day-wr 84)
  trend         DEMA 2+3+5 3x12|IB w100|TP35 only  train $391/t  test $1100.1/t  (177 tr, 16.1/day, day-wr 82)
  trend_vol     DEMA 2+3+5 3x9|IC 20w100|TP25 only  train $480.3/t  test $1203.7/t  (76 tr, 19.1/day, day-wr 100)
  chop          DEMA 2+3+5 3x21|IB w100|TP50 only  train $1728/t  test $1928.3/t  (78 tr, 11.2/day, day-wr 86)
  quiet_range   DEMA 2+3 3x21|IB w100|TP75 only  train $1518.9/t  test $1941.4/t  (91 tr, 15.2/day, day-wr 83)
  mixed         DEMA 2+3+5 3x12|IB w80|TP75 only  train $1653.4/t  test $1432.2/t  (186 tr, 15.5/day, day-wr 83)

playbook.json updated (v70). SPX: 8/8 regimes covered; uncovered=[] | NDX: 8/8 regimes covered; uncovered=[]
===== done 2026-08-20T06:38:39Z =====
===== playbook cycle 2026-08-21T06:30:01Z =====
SPX: classified 343/343 days → /home/ubuntu/SPXer/scripts/autoresearch/playbook/regimes-spx.json
Regime distribution:
  trend           63  (18.4%)
  gap_chop        52  (15.2%)
  gap_go          51  (14.9%)
  gap_fade        49  (14.3%)
  chop            42  (12.2%)
  mixed           37  (10.8%)
  quiet_range     31  (9.0%)
  trend_vol       18  (5.2%)
NDX: classified 345/345 days → /home/ubuntu/SPXer/scripts/autoresearch/playbook/regimes-ndx.json
Regime distribution:
  gap_chop        86  (24.9%)
  gap_fade        72  (20.9%)
  gap_go          55  (15.9%)
  mixed           40  (11.6%)
  trend           39  (11.3%)
  chop            22  (6.4%)
  quiet_range     19  (5.5%)
  trend_vol       12  (3.5%)
npm notice
npm notice New major version of npm available! 10.9.4 -> 12.0.2
npm notice Changelog: https://github.com/npm/cli/releases/tag/v12.0.2
npm notice To update run: npm install -g npm@12.0.2
npm notice

[SPX] regime coverage — PER-TRADE expectancy (OOS, est_test_trades>=10):
  gap_go        DEMA 2+3+5 3x21|IB w10|TP35 only  train $39.4/t  test $15.2/t  (193 tr, 12/day, day-wr 50)
  gap_fade      DEMA 2+3 3x21|IB w50|TP75 only  train $369.2/t  test $267.1/t  (248 tr, 16.5/day, day-wr 73)
  gap_chop      DEMA 2m 3x9|IC 10w50|hold-to-settle  train $284.7/t  test $561.8/t  (473 tr, 29.6/day, day-wr 94)
  trend         HMA  3m 3x9|IC 20w50|hold-to-settle  train $118.9/t  test $45.1/t  (746 tr, 39.2/day, day-wr 74)
  trend_vol     DEMA 5m 3x21|15ITM w10|TP75 only  train $40/t  test $199.3/t  (65 tr, 10.9/day, day-wr 83)
  chop          HMA  5m 3x9|IB w50|hold-to-settle  train $389/t  test $183.7/t  (417 tr, 32.1/day, day-wr 62)
  quiet_range   DEMA 2+3+5 3x21|IB w50|hold-to-settle  train $470.8/t  test $634.2/t  (123 tr, 12.3/day, day-wr 90)
  mixed         HMA  2+3+5 3x21|IB±25 w25|hold-to-settle  train $37/t  test $113.8/t  (280 tr, 23.3/day, day-wr 75)

[NDX] regime coverage — PER-TRADE expectancy (OOS, est_test_trades>=10):
  gap_go        DEMA 2+3+5 3x12|IC 20w100|TP75 only  train $643/t  test $830.8/t  (280 tr, 16.5/day, day-wr 76)
  gap_fade      DEMA 2+3 3x12|IC 30w100|TP50 only  train $1022.1/t  test $2030.6/t  (465 tr, 21.2/day, day-wr 95)
  gap_chop      DEMA 1m 3x12|IB w100|TP50 only  train $1379.8/t  test $1620.7/t  (948 tr, 36.4/day, day-wr 85)
  trend         DEMA 2+3 3x21|IB w100|TP35 only  train $433.8/t  test $1432.9/t  (182 tr, 15.2/day, day-wr 83)
  trend_vol     DEMA 2+3+5 3x9|IC 20w100|TP25 only  train $481.8/t  test $1207.6/t  (76 tr, 19/day, day-wr 100)
  chop          DEMA 2+3+5 3x21|IB w100|TP50 only  train $1728.2/t  test $1928.5/t  (78 tr, 11.2/day, day-wr 86)
  quiet_range   DEMA 2+3 3x21|IB w100|TP75 only  train $1520.8/t  test $1943.8/t  (91 tr, 15.2/day, day-wr 83)
  mixed         DEMA 2+3+5 3x12|IB w80|TP75 only  train $1617/t  test $1435.4/t  (186 tr, 15.5/day, day-wr 83)

playbook.json updated (v71). SPX: 8/8 regimes covered; uncovered=[] | NDX: 8/8 regimes covered; uncovered=[]
===== done 2026-08-21T06:38:59Z =====
===== playbook cycle 2026-08-22T06:30:01Z =====
SPX: classified 344/344 days → /home/ubuntu/SPXer/scripts/autoresearch/playbook/regimes-spx.json
Regime distribution:
  trend           63  (18.3%)
  gap_chop        52  (15.1%)
  gap_go          51  (14.8%)
  gap_fade        49  (14.2%)
  chop            42  (12.2%)
  mixed           37  (10.8%)
  quiet_range     31  (9.0%)
  trend_vol       19  (5.5%)
NDX: classified 346/346 days → /home/ubuntu/SPXer/scripts/autoresearch/playbook/regimes-ndx.json
Regime distribution:
  gap_chop        86  (24.9%)
  gap_fade        73  (21.1%)
  gap_go          55  (15.9%)
  mixed           40  (11.6%)
  trend           39  (11.3%)
  chop            22  (6.4%)
  quiet_range     19  (5.5%)
  trend_vol       12  (3.5%)

[SPX] regime coverage — PER-TRADE expectancy (OOS, est_test_trades>=10):
  gap_go        DEMA 2+3+5 3x21|IB w10|TP35 only  train $39.4/t  test $15.2/t  (193 tr, 12/day, day-wr 50)
  gap_fade      DEMA 2+3 3x21|IB w50|TP75 only  train $369.2/t  test $267.1/t  (248 tr, 16.5/day, day-wr 73)
  gap_chop      DEMA 2m 3x9|IC 10w50|hold-to-settle  train $284.8/t  test $562/t  (473 tr, 29.6/day, day-wr 94)
  trend         HMA  3m 3x9|IC 20w50|hold-to-settle  train $118.9/t  test $45.1/t  (746 tr, 39.2/day, day-wr 74)
  trend_vol     DEMA 5m 3x21|10ITM w10|TP75 only  train $42.6/t  test $173.8/t  (66 tr, 11/day, day-wr 83)
  chop          HMA  5m 3x9|IB w50|hold-to-settle  train $389.2/t  test $183.7/t  (417 tr, 32/day, day-wr 62)
  quiet_range   DEMA 2+3+5 3x21|IB w50|hold-to-settle  train $471.4/t  test $635/t  (123 tr, 12.3/day, day-wr 90)
  mixed         HMA  2+3+5 3x21|IB±25 w25|hold-to-settle  train $37.1/t  test $113.8/t  (280 tr, 23.3/day, day-wr 75)

[NDX] regime coverage — PER-TRADE expectancy (OOS, est_test_trades>=10):
  gap_go        DEMA 2+3+5 3x12|IC 20w100|TP75 only  train $642.9/t  test $830.7/t  (280 tr, 16.5/day, day-wr 76)
  gap_fade      DEMA 2+3 3x21|IC 40w100|TP50 only  train $1091.1/t  test $2007.5/t  (347 tr, 15.8/day, day-wr 95)
  gap_chop      DEMA 1m 3x12|IB w100|TP50 only  train $1380.4/t  test $1621.4/t  (947 tr, 36.4/day, day-wr 85)
  trend         DEMA 2+3 3x21|IB w100|TP35 only  train $433.5/t  test $1432.1/t  (182 tr, 15.2/day, day-wr 83)
  trend_vol     DEMA 2+3+5 3x9|IC 20w100|TP25 only  train $481.6/t  test $1207.1/t  (76 tr, 19/day, day-wr 100)
  chop          DEMA 2+3+5 3x21|IB w100|TP50 only  train $1729.6/t  test $1930.2/t  (78 tr, 11.2/day, day-wr 86)
  quiet_range   DEMA 2+3 3x21|IB w100|TP75 only  train $1520/t  test $1942.8/t  (91 tr, 15.2/day, day-wr 83)
  mixed         DEMA 2+3+5 3x12|IB w80|TP75 only  train $1616.5/t  test $1435/t  (186 tr, 15.5/day, day-wr 83)

playbook.json updated (v72). SPX: 8/8 regimes covered; uncovered=[] | NDX: 8/8 regimes covered; uncovered=[]
===== done 2026-08-22T06:39:08Z =====
===== playbook cycle 2026-08-23T06:30:01Z =====
SPX: classified 344/344 days → /home/ubuntu/SPXer/scripts/autoresearch/playbook/regimes-spx.json
Regime distribution:
  trend           63  (18.3%)
  gap_chop        52  (15.1%)
  gap_go          51  (14.8%)
  gap_fade        49  (14.2%)
  chop            42  (12.2%)
  mixed           37  (10.8%)
  quiet_range     31  (9.0%)
  trend_vol       19  (5.5%)
NDX: classified 346/346 days → /home/ubuntu/SPXer/scripts/autoresearch/playbook/regimes-ndx.json
Regime distribution:
  gap_chop        86  (24.9%)
  gap_fade        73  (21.1%)
  gap_go          55  (15.9%)
  mixed           40  (11.6%)
  trend           39  (11.3%)
  chop            22  (6.4%)
  quiet_range     19  (5.5%)
  trend_vol       12  (3.5%)

[SPX] regime coverage — PER-TRADE expectancy (OOS, est_test_trades>=10):
  gap_go        DEMA 2+3+5 3x21|IB w10|TP35 only  train $39.4/t  test $15.2/t  (193 tr, 12/day, day-wr 50)
  gap_fade      DEMA 2+3 3x21|IB w50|TP75 only  train $369.2/t  test $267.1/t  (248 tr, 16.5/day, day-wr 73)
  gap_chop      DEMA 2m 3x9|IC 10w50|hold-to-settle  train $284.8/t  test $562/t  (473 tr, 29.6/day, day-wr 94)
  trend         HMA  3m 3x9|IC 20w50|hold-to-settle  train $118.9/t  test $45.1/t  (746 tr, 39.2/day, day-wr 74)
  trend_vol     DEMA 5m 3x21|10ITM w10|TP75 only  train $42.6/t  test $173.8/t  (66 tr, 11/day, day-wr 83)
  chop          HMA  5m 3x9|IB w50|hold-to-settle  train $389.2/t  test $183.7/t  (417 tr, 32/day, day-wr 62)
  quiet_range   DEMA 2+3+5 3x21|IB w50|hold-to-settle  train $471.4/t  test $635/t  (123 tr, 12.3/day, day-wr 90)
  mixed         HMA  2+3+5 3x21|IB±25 w25|hold-to-settle  train $37.1/t  test $113.8/t  (280 tr, 23.3/day, day-wr 75)

[NDX] regime coverage — PER-TRADE expectancy (OOS, est_test_trades>=10):
  gap_go        DEMA 2+3+5 3x12|IC 20w100|TP75 only  train $642.9/t  test $830.7/t  (280 tr, 16.5/day, day-wr 76)
  gap_fade      DEMA 2+3 3x21|IC 40w100|TP50 only  train $1091.1/t  test $2007.5/t  (347 tr, 15.8/day, day-wr 95)
  gap_chop      DEMA 1m 3x12|IB w100|TP50 only  train $1380.4/t  test $1621.4/t  (947 tr, 36.4/day, day-wr 85)
  trend         DEMA 2+3 3x21|IB w100|TP35 only  train $433.5/t  test $1432.1/t  (182 tr, 15.2/day, day-wr 83)
  trend_vol     DEMA 2+3+5 3x9|IC 20w100|TP25 only  train $481.6/t  test $1207.1/t  (76 tr, 19/day, day-wr 100)
  chop          DEMA 2+3+5 3x21|IB w100|TP50 only  train $1729.6/t  test $1930.2/t  (78 tr, 11.2/day, day-wr 86)
  quiet_range   DEMA 2+3 3x21|IB w100|TP75 only  train $1520/t  test $1942.8/t  (91 tr, 15.2/day, day-wr 83)
  mixed         DEMA 2+3+5 3x12|IB w80|TP75 only  train $1616.5/t  test $1435/t  (186 tr, 15.5/day, day-wr 83)

playbook.json updated (v73). SPX: 8/8 regimes covered; uncovered=[] | NDX: 8/8 regimes covered; uncovered=[]
===== done 2026-08-23T06:39:03Z =====
===== playbook cycle 2026-08-24T06:30:01Z =====
SPX: classified 344/344 days → /home/ubuntu/SPXer/scripts/autoresearch/playbook/regimes-spx.json
Regime distribution:
  trend           63  (18.3%)
  gap_chop        52  (15.1%)
  gap_go          51  (14.8%)
  gap_fade        49  (14.2%)
  chop            42  (12.2%)
  mixed           37  (10.8%)
  quiet_range     31  (9.0%)
  trend_vol       19  (5.5%)
NDX: classified 346/346 days → /home/ubuntu/SPXer/scripts/autoresearch/playbook/regimes-ndx.json
Regime distribution:
  gap_chop        86  (24.9%)
  gap_fade        73  (21.1%)
  gap_go          55  (15.9%)
  mixed           40  (11.6%)
  trend           39  (11.3%)
  chop            22  (6.4%)
  quiet_range     19  (5.5%)
  trend_vol       12  (3.5%)

[SPX] regime coverage — PER-TRADE expectancy (OOS, est_test_trades>=10):
  gap_go        DEMA 2+3+5 3x21|IB w10|TP35 only  train $39.4/t  test $15.2/t  (193 tr, 12/day, day-wr 50)
  gap_fade      DEMA 2+3 3x21|IB w50|TP75 only  train $369.2/t  test $267.1/t  (248 tr, 16.5/day, day-wr 73)
  gap_chop      DEMA 2m 3x9|IC 10w50|hold-to-settle  train $284.8/t  test $562/t  (473 tr, 29.6/day, day-wr 94)
  trend         HMA  3m 3x9|IC 20w50|hold-to-settle  train $118.9/t  test $45.1/t  (746 tr, 39.2/day, day-wr 74)
  trend_vol     DEMA 5m 3x21|10ITM w10|TP75 only  train $42.6/t  test $173.8/t  (66 tr, 11/day, day-wr 83)
  chop          HMA  5m 3x9|IB w50|hold-to-settle  train $389.2/t  test $183.7/t  (417 tr, 32/day, day-wr 62)
  quiet_range   DEMA 2+3+5 3x21|IB w50|hold-to-settle  train $471.4/t  test $635/t  (123 tr, 12.3/day, day-wr 90)
  mixed         HMA  2+3+5 3x21|IB±25 w25|hold-to-settle  train $37.1/t  test $113.8/t  (280 tr, 23.3/day, day-wr 75)

[NDX] regime coverage — PER-TRADE expectancy (OOS, est_test_trades>=10):
  gap_go        DEMA 2+3+5 3x12|IC 20w100|TP75 only  train $642.9/t  test $830.7/t  (280 tr, 16.5/day, day-wr 76)
  gap_fade      DEMA 2+3 3x21|IC 40w100|TP50 only  train $1091.1/t  test $2007.5/t  (347 tr, 15.8/day, day-wr 95)
  gap_chop      DEMA 1m 3x12|IB w100|TP50 only  train $1380.4/t  test $1621.4/t  (947 tr, 36.4/day, day-wr 85)
  trend         DEMA 2+3 3x21|IB w100|TP35 only  train $433.5/t  test $1432.1/t  (182 tr, 15.2/day, day-wr 83)
  trend_vol     DEMA 2+3+5 3x9|IC 20w100|TP25 only  train $481.6/t  test $1207.1/t  (76 tr, 19/day, day-wr 100)
  chop          DEMA 2+3+5 3x21|IB w100|TP50 only  train $1729.6/t  test $1930.2/t  (78 tr, 11.2/day, day-wr 86)
  quiet_range   DEMA 2+3 3x21|IB w100|TP75 only  train $1520/t  test $1942.8/t  (91 tr, 15.2/day, day-wr 83)
  mixed         DEMA 2+3+5 3x12|IB w80|TP75 only  train $1616.5/t  test $1435/t  (186 tr, 15.5/day, day-wr 83)

playbook.json updated (v74). SPX: 8/8 regimes covered; uncovered=[] | NDX: 8/8 regimes covered; uncovered=[]
===== done 2026-08-24T06:39:21Z =====
===== playbook cycle 2026-08-25T06:30:01Z =====
SPX: classified 345/345 days → /home/ubuntu/SPXer/scripts/autoresearch/playbook/regimes-spx.json
Regime distribution:
  trend           63  (18.3%)
  gap_chop        52  (15.1%)
  gap_go          51  (14.8%)
  gap_fade        49  (14.2%)
  chop            42  (12.2%)
  mixed           37  (10.7%)
  quiet_range     32  (9.3%)
  trend_vol       19  (5.5%)
NDX: classified 347/347 days → /home/ubuntu/SPXer/scripts/autoresearch/playbook/regimes-ndx.json
Regime distribution:
  gap_chop        87  (25.1%)
  gap_fade        73  (21.0%)
  gap_go          55  (15.9%)
  mixed           40  (11.5%)
  trend           39  (11.2%)
  chop            22  (6.3%)
  quiet_range     19  (5.5%)
  trend_vol       12  (3.5%)

[SPX] regime coverage — PER-TRADE expectancy (OOS, est_test_trades>=10):
  gap_go        DEMA 2+3+5 3x21|IB w10|TP35 only  train $39.4/t  test $15.2/t  (193 tr, 12/day, day-wr 50)
  gap_fade      DEMA 2+3 3x21|IB w50|TP75 only  train $369.5/t  test $267.3/t  (247 tr, 16.5/day, day-wr 73)
  gap_chop      DEMA 2m 3x9|IC 10w50|hold-to-settle  train $285/t  test $562.4/t  (473 tr, 29.5/day, day-wr 94)
  trend         HMA  3m 3x9|IC 20w50|hold-to-settle  train $118.9/t  test $45.1/t  (745 tr, 39.2/day, day-wr 74)
  trend_vol     DEMA 5m 3x21|10ITM w10|TP75 only  train $42.6/t  test $173.9/t  (66 tr, 11/day, day-wr 83)
  chop          HMA  5m 3x9|IB w50|hold-to-settle  train $389.5/t  test $183.9/t  (416 tr, 32/day, day-wr 62)
  quiet_range   DEMA 2+3+5 3x21|IB w50|hold-to-settle  train $482/t  test $640.5/t  (123 tr, 12.3/day, day-wr 90)
  mixed         HMA  2+3+5 3x21|IB±25 w25|hold-to-settle  train $37.1/t  test $113.9/t  (280 tr, 23.3/day, day-wr 75)

[NDX] regime coverage — PER-TRADE expectancy (OOS, est_test_trades>=10):
  gap_go        DEMA 2+3+5 3x12|IC 20w100|TP75 only  train $643.7/t  test $831.8/t  (280 tr, 16.4/day, day-wr 76)
  gap_fade      DEMA 2+3 3x21|IC 40w100|TP50 only  train $1092.9/t  test $2010.8/t  (346 tr, 15.7/day, day-wr 95)
  gap_chop      DEMA 1m 3x12|IB w100|TP50 only  train $1380.7/t  test $1580.2/t  (984 tr, 36.4/day, day-wr 85)
  trend         DEMA 2+3 3x21|IB w100|TP35 only  train $434.2/t  test $1434.3/t  (182 tr, 15.2/day, day-wr 83)
  trend_vol     DEMA 2+3+5 3x9|IC 20w100|TP25 only  train $482/t  test $1208/t  (76 tr, 19/day, day-wr 100)
  chop          DEMA 2+3+5 3x21|IB w100|TP50 only  train $1732.9/t  test $1933.8/t  (78 tr, 11.2/day, day-wr 86)
  quiet_range   DEMA 2+3 3x21|IB w100|TP75 only  train $1522.4/t  test $1945.8/t  (91 tr, 15.2/day, day-wr 83)
  mixed         DEMA 2+3+5 3x12|IB w80|TP75 only  train $1618.5/t  test $1436.7/t  (186 tr, 15.5/day, day-wr 83)

playbook.json updated (v75). SPX: 8/8 regimes covered; uncovered=[] | NDX: 8/8 regimes covered; uncovered=[]
===== done 2026-08-25T06:39:12Z =====
===== playbook cycle 2026-08-26T06:30:01Z =====
SPX: classified 346/346 days → /home/ubuntu/SPXer/scripts/autoresearch/playbook/regimes-spx.json
Regime distribution:
  trend           63  (18.2%)
  gap_chop        53  (15.3%)
  gap_go          51  (14.7%)
  gap_fade        49  (14.2%)
  chop            42  (12.1%)
  mixed           37  (10.7%)
  quiet_range     32  (9.2%)
  trend_vol       19  (5.5%)
NDX: classified 348/348 days → /home/ubuntu/SPXer/scripts/autoresearch/playbook/regimes-ndx.json
Regime distribution:
  gap_chop        88  (25.3%)
  gap_fade        73  (21.0%)
  gap_go          55  (15.8%)
  mixed           40  (11.5%)
  trend           39  (11.2%)
  chop            22  (6.3%)
  quiet_range     19  (5.5%)
  trend_vol       12  (3.4%)

[SPX] regime coverage — PER-TRADE expectancy (OOS, est_test_trades>=10):
  gap_go        DEMA 2+3+5 3x21|IB w10|TP35 only  train $39.5/t  test $15.2/t  (192 tr, 12/day, day-wr 50)
  gap_fade      DEMA 2+3 3x21|IB w50|TP75 only  train $369.8/t  test $267.5/t  (247 tr, 16.5/day, day-wr 73)
  gap_chop      DEMA 2m 3x9|IB w50|hold-to-settle  train $298.2/t  test $559.3/t  (475 tr, 29.7/day, day-wr 94)
  trend         HMA  3m 3x9|IC 20w50|hold-to-settle  train $118.9/t  test $45.1/t  (746 tr, 39.2/day, day-wr 74)
  trend_vol     DEMA 5m 3x21|10ITM w10|TP75 only  train $42.7/t  test $174/t  (66 tr, 11/day, day-wr 83)
  chop          HMA  5m 3x9|IB w50|hold-to-settle  train $389.6/t  test $183.9/t  (416 tr, 32/day, day-wr 62)
  quiet_range   DEMA 2+3+5 3x21|IB w50|hold-to-settle  train $482.4/t  test $641/t  (123 tr, 12.3/day, day-wr 90)
  mixed         HMA  2+3+5 3x21|IB±25 w25|hold-to-settle  train $37.1/t  test $114/t  (279 tr, 23.3/day, day-wr 75)

[NDX] regime coverage — PER-TRADE expectancy (OOS, est_test_trades>=10):
  gap_go        DEMA 2+3+5 3x12|IC 20w100|TP75 only  train $644.1/t  test $832.3/t  (279 tr, 16.4/day, day-wr 76)
  gap_fade      DEMA 2+3 3x21|IC 40w100|TP50 only  train $1093.4/t  test $2011.8/t  (346 tr, 15.7/day, day-wr 95)
  gap_chop      DEMA 1m 3x12|IB w100|TP50 only  train $1367.7/t  test $1672.7/t  (984 tr, 36.4/day, day-wr 85)
  trend         DEMA 2+3 3x21|IB w100|TP35 only  train $434.4/t  test $1434.9/t  (182 tr, 15.2/day, day-wr 83)
  trend_vol     DEMA 2+3+5 3x9|IC 20w100|TP25 only  train $482/t  test $1208/t  (76 tr, 19/day, day-wr 100)
  chop          DEMA 2+3+5 3x21|IB w100|TP50 only  train $1733/t  test $1933.8/t  (78 tr, 11.2/day, day-wr 86)
  quiet_range   DEMA 2+3 3x21|IB w100|TP75 only  train $1523/t  test $1946.6/t  (91 tr, 15.2/day, day-wr 83)
  mixed         DEMA 2+3+5 3x12|IB w80|TP75 only  train $1619.2/t  test $1437.4/t  (185 tr, 15.5/day, day-wr 83)

playbook.json updated (v76). SPX: 8/8 regimes covered; uncovered=[] | NDX: 8/8 regimes covered; uncovered=[]
===== done 2026-08-26T06:39:46Z =====
===== playbook cycle 2026-08-27T06:30:01Z =====
SPX: classified 347/347 days → /home/ubuntu/SPXer/scripts/autoresearch/playbook/regimes-spx.json
Regime distribution:
  trend           63  (18.2%)
  gap_chop        53  (15.3%)
  gap_go          51  (14.7%)
  gap_fade        49  (14.1%)
  chop            42  (12.1%)
  mixed           38  (11.0%)
  quiet_range     32  (9.2%)
  trend_vol       19  (5.5%)
NDX: classified 349/349 days → /home/ubuntu/SPXer/scripts/autoresearch/playbook/regimes-ndx.json
Regime distribution:
  gap_chop        88  (25.2%)
  gap_fade        74  (21.2%)
  gap_go          55  (15.8%)
  mixed           40  (11.5%)
  trend           39  (11.2%)
  chop            22  (6.3%)
  quiet_range     19  (5.4%)
  trend_vol       12  (3.4%)

[SPX] regime coverage — PER-TRADE expectancy (OOS, est_test_trades>=10):
  gap_go        DEMA 2+3+5 3x21|IB w10|TP35 only  train $39.5/t  test $15.2/t  (192 tr, 12/day, day-wr 50)
  gap_fade      DEMA 2+3 3x21|IB w50|TP75 only  train $369.8/t  test $267.5/t  (247 tr, 16.5/day, day-wr 73)
  gap_chop      DEMA 2m 3x9|IB w50|hold-to-settle  train $298.4/t  test $559.6/t  (474 tr, 29.7/day, day-wr 94)
  trend         HMA  3m 3x9|IC 20w50|hold-to-settle  train $118.9/t  test $45.1/t  (745 tr, 39.2/day, day-wr 74)
  trend_vol     DEMA 5m 3x21|10ITM w10|TP75 only  train $42.7/t  test $174/t  (66 tr, 11/day, day-wr 83)
  chop          HMA  5m 3x9|IB w50|hold-to-settle  train $389.8/t  test $184/t  (416 tr, 32/day, day-wr 62)
  quiet_range   DEMA 2+3+5 3x21|IB w50|hold-to-settle  train $482.4/t  test $641.1/t  (123 tr, 12.3/day, day-wr 90)
  mixed         HMA  2+3+5 3x21|IB±25 w25|hold-to-settle  train $35.3/t  test $116.3/t  (279 tr, 23.3/day, day-wr 83)

[NDX] regime coverage — PER-TRADE expectancy (OOS, est_test_trades>=10):
  gap_go        DEMA 2+3+5 3x12|IC 20w100|TP75 only  train $643.7/t  test $831.8/t  (280 tr, 16.4/day, day-wr 76)
  gap_fade      DEMA 2+3 3x21|IC 40w100|TP75 only  train $1058.6/t  test $2203.2/t  (346 tr, 15.7/day, day-wr 86)
  gap_chop      DEMA 1m 3x12|IB w100|TP50 only  train $1367.7/t  test $1672.6/t  (984 tr, 36.4/day, day-wr 85)
  trend         DEMA 2+3 3x21|IB w100|TP35 only  train $434.5/t  test $1435.2/t  (182 tr, 15.2/day, day-wr 83)
  trend_vol     DEMA 2+3+5 3x9|IC 20w100|TP25 only  train $481.9/t  test $1207.8/t  (76 tr, 19/day, day-wr 100)
  chop          DEMA 2+3+5 3x21|IB w100|TP50 only  train $1732.6/t  test $1933.4/t  (78 tr, 11.2/day, day-wr 86)
  quiet_range   DEMA 2+3 3x21|IB w100|TP75 only  train $1523.3/t  test $1947/t  (91 tr, 15.2/day, day-wr 83)
  mixed         DEMA 2+3+5 3x12|IB w80|TP75 only  train $1617.9/t  test $1436.2/t  (186 tr, 15.5/day, day-wr 83)

playbook.json updated (v77). SPX: 8/8 regimes covered; uncovered=[] | NDX: 8/8 regimes covered; uncovered=[]
===== done 2026-08-27T06:39:58Z =====
===== playbook cycle 2026-08-28T06:30:01Z =====
SPX: classified 348/348 days → /home/ubuntu/SPXer/scripts/autoresearch/playbook/regimes-spx.json
Regime distribution:
  trend           63  (18.1%)
  gap_chop        53  (15.2%)
  gap_go          52  (14.9%)
  gap_fade        49  (14.1%)
  chop            42  (12.1%)
  mixed           38  (10.9%)
  quiet_range     32  (9.2%)
  trend_vol       19  (5.5%)
NDX: classified 350/350 days → /home/ubuntu/SPXer/scripts/autoresearch/playbook/regimes-ndx.json
Regime distribution:
  gap_chop        89  (25.4%)
  gap_fade        74  (21.1%)
  gap_go          55  (15.7%)
  mixed           40  (11.4%)
  trend           39  (11.1%)
  chop            22  (6.3%)
  quiet_range     19  (5.4%)
  trend_vol       12  (3.4%)
npm notice
npm notice New major version of npm available! 10.9.4 -> 12.0.2
npm notice Changelog: https://github.com/npm/cli/releases/tag/v12.0.2
npm notice To update run: npm install -g npm@12.0.2
npm notice

[SPX] regime coverage — PER-TRADE expectancy (OOS, est_test_trades>=10):
  gap_go        DEMA 2+3+5 3x21|IB w10|TP35 only  train $43.6/t  test $18.2/t  (192 tr, 12/day, day-wr 50)
  gap_fade      DEMA 2+3 3x21|IB w50|TP75 only  train $369.5/t  test $267.3/t  (247 tr, 16.5/day, day-wr 73)
  gap_chop      DEMA 2m 3x9|IB w50|hold-to-settle  train $298.3/t  test $559.6/t  (474 tr, 29.7/day, day-wr 94)
  trend         HMA  3m 3x9|IC 20w50|hold-to-settle  train $118.9/t  test $45.1/t  (746 tr, 39.2/day, day-wr 74)
  trend_vol     DEMA 5m 3x21|10ITM w10|TP75 only  train $42.7/t  test $174.2/t  (66 tr, 11/day, day-wr 83)
  chop          HMA  5m 3x9|IB w50|hold-to-settle  train $389.7/t  test $184/t  (416 tr, 32/day, day-wr 62)
  quiet_range   DEMA 2+3+5 3x21|IB w50|hold-to-settle  train $482.6/t  test $641.3/t  (123 tr, 12.3/day, day-wr 90)
  mixed         HMA  2+3+5 3x21|IB±25 w25|hold-to-settle  train $35.3/t  test $116.3/t  (279 tr, 23.3/day, day-wr 83)

[NDX] regime coverage — PER-TRADE expectancy (OOS, est_test_trades>=10):
  gap_go        DEMA 2+3+5 3x12|IC 20w100|TP75 only  train $644/t  test $832.2/t  (279 tr, 16.4/day, day-wr 76)
  gap_fade      DEMA 2+3 3x21|IC 40w100|TP75 only  train $1059.1/t  test $2204.3/t  (346 tr, 15.7/day, day-wr 86)
  gap_chop      DEMA 1m 3x12|IB w100|TP50 only  train $1361.2/t  test $1764.3/t  (984 tr, 36.4/day, day-wr 85)
  trend         DEMA 2+3 3x21|IB w100|TP35 only  train $434.7/t  test $1435.8/t  (182 tr, 15.1/day, day-wr 83)
  trend_vol     DEMA 2+3+5 3x9|IC 20w100|TP25 only  train $481.9/t  test $1207.8/t  (76 tr, 19/day, day-wr 100)
  chop          DEMA 2+3+5 3x21|IB w100|TP50 only  train $1733.6/t  test $1934.5/t  (78 tr, 11.2/day, day-wr 86)
  quiet_range   DEMA 2+3 3x21|IB w100|TP75 only  train $1523.9/t  test $1947.8/t  (91 tr, 15.1/day, day-wr 83)
  mixed         DEMA 2+3+5 3x12|IB w80|TP75 only  train $1618.3/t  test $1436.6/t  (186 tr, 15.5/day, day-wr 83)

playbook.json updated (v78). SPX: 8/8 regimes covered; uncovered=[] | NDX: 8/8 regimes covered; uncovered=[]
===== done 2026-08-28T06:40:07Z =====
===== playbook cycle 2026-08-29T06:30:01Z =====
SPX: classified 349/349 days → /home/ubuntu/SPXer/scripts/autoresearch/playbook/regimes-spx.json
Regime distribution:
  trend           63  (18.1%)
  gap_chop        53  (15.2%)
  gap_go          52  (14.9%)
  gap_fade        49  (14.0%)
  chop            43  (12.3%)
  mixed           38  (10.9%)
  quiet_range     32  (9.2%)
  trend_vol       19  (5.4%)
NDX: classified 351/351 days → /home/ubuntu/SPXer/scripts/autoresearch/playbook/regimes-ndx.json
Regime distribution:
  gap_chop        89  (25.4%)
  gap_fade        74  (21.1%)
  gap_go          55  (15.7%)
  mixed           41  (11.7%)
  trend           39  (11.1%)
  chop            22  (6.3%)
  quiet_range     19  (5.4%)
  trend_vol       12  (3.4%)

[SPX] regime coverage — PER-TRADE expectancy (OOS, est_test_trades>=10):
  gap_go        DEMA 2+3+5 3x21|IB w10|TP35 only  train $43.6/t  test $18.2/t  (192 tr, 12/day, day-wr 50)
  gap_fade      DEMA 2+3 3x21|IB w50|TP75 only  train $369.6/t  test $267.3/t  (247 tr, 16.5/day, day-wr 73)
  gap_chop      DEMA 2m 3x9|IB w50|hold-to-settle  train $298.4/t  test $559.7/t  (474 tr, 29.6/day, day-wr 94)
  trend         HMA  3m 3x9|IC 20w50|hold-to-settle  train $118.9/t  test $45.1/t  (745 tr, 39.2/day, day-wr 74)
  trend_vol     DEMA 5m 3x21|10ITM w10|TP75 only  train $42.8/t  test $174.3/t  (66 tr, 11/day, day-wr 83)
  chop          HMA  5m 3x9|IB w50|hold-to-settle  train $345.9/t  test $282.2/t  (416 tr, 32/day, day-wr 69)
  quiet_range   DEMA 2+3+5 3x21|IB w50|hold-to-settle  train $482.8/t  test $641.6/t  (123 tr, 12.3/day, day-wr 90)
  mixed         HMA  2+3+5 3x21|IB±25 w25|hold-to-settle  train $35.3/t  test $116.4/t  (279 tr, 23.3/day, day-wr 83)

[NDX] regime coverage — PER-TRADE expectancy (OOS, est_test_trades>=10):
  gap_go        DEMA 2+3+5 3x12|IC 20w100|TP75 only  train $644.3/t  test $832.5/t  (279 tr, 16.4/day, day-wr 76)
  gap_fade      DEMA 2+3 3x21|IC 40w100|TP75 only  train $1059.3/t  test $2204.6/t  (346 tr, 15.7/day, day-wr 86)
  gap_chop      DEMA 1m 3x12|IB w100|TP50 only  train $1360.7/t  test $1763.7/t  (984 tr, 36.5/day, day-wr 85)
  trend         DEMA 2+3 3x21|IB w100|TP35 only  train $434.7/t  test $1435.9/t  (182 tr, 15.1/day, day-wr 83)
  trend_vol     DEMA 2+3+5 3x9|IC 20w100|TP25 only  train $481.8/t  test $1207.4/t  (76 tr, 19/day, day-wr 100)
  chop          DEMA 2+3+5 3x21|IB w100|TP50 only  train $1734.1/t  test $1935.1/t  (78 tr, 11.2/day, day-wr 86)
  quiet_range   DEMA 2+3 3x21|IB w100|TP75 only  train $1524/t  test $1947.9/t  (91 tr, 15.1/day, day-wr 83)
  mixed         DEMA 2+3+5 3x9|IB w100|TP75 only  train $1600.1/t  test $1432.7/t  (241 tr, 18.5/day, day-wr 92)

playbook.json updated (v79). SPX: 8/8 regimes covered; uncovered=[] | NDX: 8/8 regimes covered; uncovered=[]
===== done 2026-08-29T06:40:33Z =====
===== playbook cycle 2026-08-31T06:30:01Z =====
SPX: classified 349/349 days → /home/ubuntu/SPXer/scripts/autoresearch/playbook/regimes-spx.json
Regime distribution:
  trend           63  (18.1%)
  gap_chop        53  (15.2%)
  gap_go          52  (14.9%)
  gap_fade        49  (14.0%)
  chop            43  (12.3%)
  mixed           38  (10.9%)
  quiet_range     32  (9.2%)
  trend_vol       19  (5.4%)
NDX: classified 351/351 days → /home/ubuntu/SPXer/scripts/autoresearch/playbook/regimes-ndx.json
Regime distribution:
  gap_chop        89  (25.4%)
  gap_fade        74  (21.1%)
  gap_go          55  (15.7%)
  mixed           41  (11.7%)
  trend           39  (11.1%)
  chop            22  (6.3%)
  quiet_range     19  (5.4%)
  trend_vol       12  (3.4%)

[SPX] regime coverage — PER-TRADE expectancy (OOS, est_test_trades>=10):
  gap_go        DEMA 2+3+5 3x21|IB w10|TP35 only  train $43.6/t  test $18.2/t  (192 tr, 12/day, day-wr 50)
  gap_fade      DEMA 2+3 3x21|IB w50|TP75 only  train $369.6/t  test $267.3/t  (247 tr, 16.5/day, day-wr 73)
  gap_chop      DEMA 2m 3x9|IB w50|hold-to-settle  train $298.4/t  test $559.7/t  (474 tr, 29.6/day, day-wr 94)
  trend         HMA  3m 3x9|IC 20w50|hold-to-settle  train $118.9/t  test $45.1/t  (745 tr, 39.2/day, day-wr 74)
  trend_vol     DEMA 5m 3x21|10ITM w10|TP75 only  train $42.8/t  test $174.3/t  (66 tr, 11/day, day-wr 83)
  chop          HMA  5m 3x9|IB w50|hold-to-settle  train $345.9/t  test $282.2/t  (416 tr, 32/day, day-wr 69)
  quiet_range   DEMA 2+3+5 3x21|IB w50|hold-to-settle  train $482.8/t  test $641.6/t  (123 tr, 12.3/day, day-wr 90)
  mixed         HMA  2+3+5 3x21|IB±25 w25|hold-to-settle  train $35.3/t  test $116.4/t  (279 tr, 23.3/day, day-wr 83)

[NDX] regime coverage — PER-TRADE expectancy (OOS, est_test_trades>=10):
  gap_go        DEMA 2+3+5 3x12|IC 20w100|TP75 only  train $644.3/t  test $832.5/t  (279 tr, 16.4/day, day-wr 76)
  gap_fade      DEMA 2+3 3x21|IC 40w100|TP75 only  train $1059.3/t  test $2204.6/t  (346 tr, 15.7/day, day-wr 86)
  gap_chop      DEMA 1m 3x12|IB w100|TP50 only  train $1360.7/t  test $1763.7/t  (984 tr, 36.5/day, day-wr 85)
  trend         DEMA 2+3 3x21|IB w100|TP35 only  train $434.7/t  test $1435.9/t  (182 tr, 15.1/day, day-wr 83)
  trend_vol     DEMA 2+3+5 3x9|IC 20w100|TP25 only  train $481.8/t  test $1207.4/t  (76 tr, 19/day, day-wr 100)
  chop          DEMA 2+3+5 3x21|IB w100|TP50 only  train $1734.1/t  test $1935.1/t  (78 tr, 11.2/day, day-wr 86)
  quiet_range   DEMA 2+3 3x21|IB w100|TP75 only  train $1524/t  test $1947.9/t  (91 tr, 15.1/day, day-wr 83)
  mixed         DEMA 2+3+5 3x9|IB w100|TP75 only  train $1600.1/t  test $1432.7/t  (241 tr, 18.5/day, day-wr 92)

playbook.json updated (v80). SPX: 8/8 regimes covered; uncovered=[] | NDX: 8/8 regimes covered; uncovered=[]
===== done 2026-08-31T06:40:21Z =====
